{"type":"FeatureCollection","name":"Berlin districts (ALKIS, WGS84)","source":"https://gdi.berlin.de/services/wfs/alkis_bezirke","source_dataset_updated":"2026-06-05","retrieved":"2026-08-02","license":"Datenlizenz Deutschland – Zero – Version 2.0 (dl-de-zero-2.0)","features":[{"type":"Feature","properties":{"name":"Mitte","title":"Mitte","description":"Berlin administrative district: Mitte","category":"Berlin district","official_id":"11000001","municipality_key":"001","state":"Berlin","state_key":"11","source":"Berlin ALKIS district boundaries","stroke":"#475569","stroke-width":2,"stroke-opacity":0.8,"fill":"#94a3b8","fill-opacity":0.04},"geometry":{"type":"Polygon","coordinates":[[[13.388401,52.567669],[13.387902,52.56731],[13.384548,52.567736],[13.384298,52.567713],[13.38116,52.566423],[13.378676,52.566139],[13.378585,52.566193],[13.377148,52.560662],[13.376836,52.560669],[13.370831,52.560541],[13.370332,52.560212],[13.370333,52.560189],[13.370231,52.560117],[13.369936,52.559929],[13.36992,52.559941],[13.369558,52.559729],[13.366657,52.558228],[13.365104,52.558118],[13.364524,52.561176],[13.360098,52.560472],[13.359805,52.561806],[13.359715,52.561855],[13.356897,52.562017],[13.349089,52.561929],[13.34874,52.561997],[13.348713,52.562071],[13.337102,52.564456],[13.332097,52.561789],[13.331944,52.561744],[13.331792,52.561659],[13.330923,52.562151],[13.326795,52.562382],[13.32676,52.562255],[13.326535,52.56183],[13.326366,52.561614],[13.326163,52.561419],[13.325868,52.561203],[13.325568,52.561035],[13.325212,52.560883],[13.324876,52.560775],[13.324495,52.560687],[13.324113,52.560629],[13.323904,52.560569],[13.32341,52.560522],[13.31923,52.55998],[13.318506,52.559874],[13.317764,52.55974],[13.31694,52.559559],[13.312747,52.558547],[13.30967,52.557722],[13.307156,52.555088],[13.307181,52.555079],[13.303618,52.551292],[13.302732,52.550281],[13.30153,52.548806],[13.305081,52.548717],[13.312947,52.548366],[13.316762,52.548279],[13.317936,52.548238],[13.318651,52.547721],[13.319326,52.547296],[13.319479,52.547176],[13.319915,52.54676],[13.320289,52.546443],[13.320616,52.546218],[13.322191,52.545002],[13.322571,52.544721],[13.322866,52.54453],[13.323463,52.544029],[13.324961,52.542864],[13.325651,52.542307],[13.325841,52.542163],[13.326266,52.54191],[13.326233,52.541874],[13.326836,52.541607],[13.327326,52.541431],[13.327143,52.539732],[13.327191,52.539646],[13.329134,52.538231],[13.328832,52.538133],[13.328462,52.538042],[13.32687,52.537804],[13.32687,52.537771],[13.326827,52.537749],[13.325934,52.537622],[13.325879,52.537631],[13.325852,52.537668],[13.311413,52.535614],[13.312549,52.532647],[13.312789,52.532311],[13.312916,52.532205],[13.31303,52.531874],[13.313366,52.531927],[13.313395,52.531881],[13.317033,52.532352],[13.317186,52.53233],[13.317515,52.532377],[13.317052,52.53205],[13.317305,52.531545],[13.316976,52.531302],[13.316741,52.531186],[13.316614,52.531162],[13.316748,52.530905],[13.31447,52.530478],[13.313849,52.530327],[13.313354,52.530261],[13.316649,52.520963],[13.317798,52.520367],[13.318779,52.521115],[13.318744,52.521868],[13.318712,52.521926],[13.318688,52.522072],[13.318877,52.522879],[13.318942,52.523075],[13.31903,52.52323],[13.319172,52.523418],[13.31935,52.523605],[13.31955,52.523776],[13.320011,52.524065],[13.320265,52.524185],[13.32082,52.524388],[13.321372,52.524519],[13.321991,52.5246],[13.323252,52.524687],[13.323811,52.524677],[13.324109,52.52465],[13.324416,52.524605],[13.32506,52.52446],[13.325799,52.524222],[13.326421,52.523971],[13.32692,52.523717],[13.328235,52.522852],[13.328621,52.522552],[13.32866,52.522551],[13.328898,52.522331],[13.328886,52.5223],[13.329195,52.521929],[13.32936,52.521654],[13.329494,52.521332],[13.329533,52.521179],[13.329553,52.520924],[13.329537,52.520706],[13.329491,52.520462],[13.32937,52.520102],[13.329263,52.51984],[13.329131,52.519387],[13.329097,52.519185],[13.329099,52.518989],[13.329157,52.518698],[13.329275,52.518441],[13.329465,52.518152],[13.329634,52.517954],[13.329787,52.517813],[13.330098,52.517582],[13.330309,52.517447],[13.330692,52.517227],[13.330899,52.517125],[13.331742,52.516843],[13.332283,52.516705],[13.332573,52.516685],[13.333337,52.516672],[13.333664,52.516696],[13.334215,52.516772],[13.334793,52.515504],[13.335332,52.51504],[13.335379,52.51486],[13.336136,52.514377],[13.335923,52.513958],[13.336108,52.51397],[13.336014,52.513786],[13.335854,52.513293],[13.331875,52.513031],[13.331656,52.512932],[13.331669,52.512861],[13.331658,52.51284],[13.331612,52.512808],[13.331551,52.512794],[13.331445,52.512817],[13.331388,52.512886],[13.330559,52.512831],[13.33066,52.512622],[13.330782,52.512497],[13.330979,52.512389],[13.331194,52.512307],[13.331452,52.512231],[13.333736,52.511717],[13.333811,52.511712],[13.333917,52.511732],[13.334027,52.511716],[13.333757,52.511498],[13.333407,52.511279],[13.332982,52.511065],[13.332755,52.51097],[13.330043,52.510075],[13.3339,52.508844],[13.333966,52.508976],[13.334406,52.508905],[13.334533,52.508844],[13.334659,52.508759],[13.334781,52.508638],[13.334866,52.50848],[13.334877,52.508286],[13.334843,52.508159],[13.334784,52.508063],[13.33375,52.506721],[13.334068,52.506578],[13.334001,52.506518],[13.335404,52.50588],[13.335565,52.505832],[13.335779,52.505794],[13.336512,52.505725],[13.336759,52.505717],[13.337016,52.505731],[13.338638,52.50592],[13.339068,52.505074],[13.339405,52.505133],[13.339767,52.505158],[13.340071,52.505149],[13.340426,52.505103],[13.344566,52.50411],[13.346867,52.503643],[13.354181,52.501878],[13.354202,52.501909],[13.354405,52.50186],[13.355332,52.501635],[13.355313,52.501603],[13.356551,52.501303],[13.356571,52.501335],[13.357519,52.501105],[13.362538,52.499663],[13.363044,52.499562],[13.369321,52.498709],[13.370362,52.499511],[13.37036,52.499532],[13.370556,52.499683],[13.370587,52.499685],[13.37078,52.499834],[13.370846,52.499899],[13.37089,52.499981],[13.371382,52.501573],[13.373029,52.503365],[13.373606,52.504163],[13.374133,52.503603],[13.374251,52.503494],[13.374399,52.503389],[13.374681,52.503235],[13.374746,52.503236],[13.374977,52.503378],[13.377649,52.507968],[13.378938,52.50693],[13.379442,52.506947],[13.392124,52.507698],[13.398772,52.508114],[13.398795,52.508093],[13.399232,52.508077],[13.40019,52.509376],[13.400229,52.509381],[13.400909,52.509141],[13.401258,52.509041],[13.402097,52.50873],[13.402753,52.508536],[13.403914,52.508051],[13.404299,52.507862],[13.404434,52.507775],[13.404632,52.507922],[13.405285,52.508211],[13.40641,52.507382],[13.407361,52.506648],[13.407395,52.506664],[13.407844,52.506323],[13.40784,52.506305],[13.408029,52.50618],[13.409971,52.506926],[13.411521,52.504891],[13.414073,52.504038],[13.41461,52.504681],[13.414592,52.504794],[13.414909,52.504916],[13.417601,52.50417],[13.418213,52.505018],[13.418519,52.504987],[13.418532,52.50497],[13.418943,52.50506],[13.418924,52.50508],[13.419034,52.505145],[13.41912,52.505219],[13.419431,52.505649],[13.421132,52.505175],[13.421542,52.505076],[13.421811,52.505043],[13.422421,52.505],[13.423078,52.504981],[13.423625,52.505],[13.424058,52.505037],[13.424434,52.505086],[13.424951,52.50518],[13.425497,52.505322],[13.425821,52.505425],[13.426709,52.505799],[13.4272,52.505666],[13.428816,52.50798],[13.429028,52.508035],[13.429402,52.508572],[13.42924,52.508671],[13.429206,52.508726],[13.429183,52.508827],[13.429123,52.508867],[13.429137,52.508889],[13.429126,52.508902],[13.428916,52.508968],[13.428666,52.508992],[13.428373,52.509071],[13.42807,52.509294],[13.424521,52.511368],[13.423635,52.511821],[13.423184,52.51208],[13.423081,52.512126],[13.423027,52.51212],[13.422779,52.512235],[13.423841,52.513369],[13.424011,52.513681],[13.424411,52.514164],[13.425096,52.51507],[13.425598,52.515935],[13.426,52.516668],[13.426754,52.517959],[13.426339,52.518045],[13.426332,52.518032],[13.426151,52.518069],[13.426305,52.518289],[13.425927,52.518392],[13.426917,52.519744],[13.427447,52.51961],[13.428401,52.519586],[13.42919,52.521204],[13.429181,52.521224],[13.425548,52.522791],[13.425908,52.522831],[13.426004,52.522925],[13.426521,52.522939],[13.426502,52.523291],[13.42598,52.523337],[13.42577,52.523373],[13.425485,52.523447],[13.425434,52.523441],[13.424333,52.523768],[13.423769,52.523965],[13.419753,52.525546],[13.417962,52.526303],[13.416883,52.526784],[13.416897,52.526796],[13.416696,52.526885],[13.416682,52.526873],[13.41636,52.52702],[13.416147,52.527083],[13.41543,52.527462],[13.411298,52.528623],[13.410091,52.528808],[13.409397,52.528951],[13.408189,52.529228],[13.405586,52.529665],[13.405928,52.530381],[13.406086,52.530605],[13.405991,52.530781],[13.406368,52.532085],[13.406426,52.532347],[13.40835,52.534348],[13.407486,52.53469],[13.406918,52.53571],[13.406748,52.536101],[13.405885,52.537797],[13.405814,52.537784],[13.405462,52.538503],[13.405519,52.538514],[13.405415,52.538721],[13.405363,52.538712],[13.405302,52.538826],[13.405357,52.538837],[13.404705,52.540188],[13.404191,52.540401],[13.403528,52.540213],[13.403378,52.540506],[13.402031,52.540125],[13.400906,52.54196],[13.400246,52.543376],[13.399816,52.54506],[13.399648,52.54551],[13.399207,52.54653],[13.399359,52.546538],[13.399354,52.546558],[13.400304,52.546646],[13.399234,52.549068],[13.3989,52.550886],[13.396846,52.550704],[13.397355,52.55112],[13.39763,52.551418],[13.397806,52.551768],[13.397981,52.552196],[13.398064,52.5526],[13.398067,52.552806],[13.397982,52.553228],[13.397718,52.554112],[13.397555,52.554777],[13.397421,52.555219],[13.397308,52.555665],[13.397177,52.556344],[13.397176,52.556792],[13.397137,52.557889],[13.397167,52.557888],[13.397098,52.558268],[13.397011,52.558435],[13.396957,52.558809],[13.396784,52.559431],[13.396536,52.560433],[13.396319,52.561077],[13.396216,52.56129],[13.395905,52.561822],[13.395207,52.562611],[13.394628,52.563245],[13.394202,52.563665],[13.393726,52.564087],[13.393334,52.564374],[13.39339,52.564405],[13.393334,52.56445],[13.39319,52.564557],[13.392861,52.564762],[13.391342,52.565621],[13.391067,52.565649],[13.391032,52.565624],[13.39071,52.565796],[13.390742,52.565821],[13.390629,52.566022],[13.388918,52.567001],[13.388955,52.567068],[13.388793,52.567155],[13.389053,52.567326],[13.38906,52.56738],[13.388655,52.567659],[13.388516,52.567606],[13.388401,52.567669]]]}},{"type":"Feature","properties":{"name":"Friedrichshain-Kreuzberg","title":"Friedrichshain-Kreuzberg","description":"Berlin administrative district: Friedrichshain-Kreuzberg","category":"Berlin district","official_id":"11000002","municipality_key":"002","state":"Berlin","state_key":"11","source":"Berlin ALKIS district boundaries","stroke":"#475569","stroke-width":2,"stroke-opacity":0.8,"fill":"#94a3b8","fill-opacity":0.04},"geometry":{"type":"Polygon","coordinates":[[[13.468877,52.500158],[13.469202,52.501116],[13.469525,52.501944],[13.469538,52.501941],[13.469675,52.502287],[13.469755,52.502323],[13.469755,52.50245],[13.470207,52.503743],[13.47042,52.50406],[13.471291,52.505002],[13.471163,52.505134],[13.471518,52.505515],[13.471749,52.505736],[13.47226,52.506109],[13.472712,52.506359],[13.472729,52.506455],[13.472804,52.506491],[13.472769,52.506575],[13.472788,52.506646],[13.472827,52.506707],[13.473409,52.506924],[13.473066,52.507126],[13.473822,52.507931],[13.473806,52.508007],[13.473937,52.50797],[13.474028,52.508068],[13.4739,52.508102],[13.473961,52.508109],[13.475419,52.509634],[13.475828,52.510257],[13.476043,52.5103],[13.476161,52.510348],[13.476266,52.510441],[13.47589,52.512054],[13.475941,52.51206],[13.475928,52.512114],[13.475839,52.512122],[13.475632,52.513059],[13.475533,52.51307],[13.475438,52.513433],[13.4755,52.513821],[13.475887,52.514863],[13.477485,52.514389],[13.477748,52.514729],[13.476847,52.514988],[13.476714,52.515046],[13.476547,52.515173],[13.476454,52.515296],[13.476262,52.515719],[13.476008,52.516195],[13.475395,52.517162],[13.474197,52.519117],[13.47376,52.519088],[13.473082,52.51988],[13.473213,52.519877],[13.472554,52.520527],[13.472353,52.520511],[13.472272,52.520678],[13.472137,52.520667],[13.472107,52.520694],[13.462695,52.519928],[13.45529,52.521272],[13.456156,52.522456],[13.4558,52.522552],[13.452417,52.527526],[13.452182,52.527798],[13.450771,52.527484],[13.447168,52.526408],[13.446555,52.526976],[13.44648,52.527139],[13.442277,52.531026],[13.438748,52.528778],[13.438311,52.528801],[13.437482,52.529548],[13.425027,52.528095],[13.424854,52.527878],[13.424664,52.527908],[13.424515,52.527902],[13.424469,52.527913],[13.424455,52.527899],[13.424005,52.527882],[13.423642,52.527915],[13.419753,52.525546],[13.424099,52.523844],[13.425434,52.523441],[13.425485,52.523447],[13.42577,52.523373],[13.42598,52.523337],[13.426502,52.523291],[13.426521,52.522939],[13.426004,52.522925],[13.425908,52.522831],[13.425548,52.522791],[13.429181,52.521224],[13.42919,52.521204],[13.428401,52.519586],[13.427447,52.51961],[13.426917,52.519744],[13.425927,52.518392],[13.426305,52.518289],[13.426151,52.518069],[13.426332,52.518032],[13.426339,52.518045],[13.426754,52.517959],[13.426,52.516668],[13.425598,52.515935],[13.425096,52.51507],[13.424411,52.514164],[13.424011,52.513681],[13.423841,52.513369],[13.422779,52.512235],[13.423027,52.51212],[13.423081,52.512126],[13.423184,52.51208],[13.423635,52.511821],[13.424521,52.511368],[13.42807,52.509294],[13.428373,52.509071],[13.428666,52.508992],[13.428916,52.508968],[13.429126,52.508902],[13.429137,52.508889],[13.429123,52.508867],[13.429183,52.508827],[13.429206,52.508726],[13.42924,52.508671],[13.429402,52.508572],[13.429028,52.508035],[13.428816,52.50798],[13.4272,52.505666],[13.426709,52.505799],[13.425821,52.505425],[13.425497,52.505322],[13.424951,52.50518],[13.424434,52.505086],[13.424058,52.505037],[13.423625,52.505],[13.423078,52.504981],[13.422421,52.505],[13.421811,52.505043],[13.421542,52.505076],[13.421132,52.505175],[13.419431,52.505649],[13.41912,52.505219],[13.419034,52.505145],[13.418924,52.50508],[13.418943,52.50506],[13.418532,52.50497],[13.418519,52.504987],[13.418213,52.505018],[13.417601,52.50417],[13.414909,52.504916],[13.414592,52.504794],[13.41461,52.504681],[13.414073,52.504038],[13.411521,52.504891],[13.409971,52.506926],[13.408029,52.50618],[13.40784,52.506305],[13.407844,52.506323],[13.407395,52.506664],[13.407361,52.506648],[13.40641,52.507382],[13.405285,52.508211],[13.404632,52.507922],[13.404434,52.507775],[13.404299,52.507862],[13.403914,52.508051],[13.402753,52.508536],[13.402097,52.50873],[13.401258,52.509041],[13.400909,52.509141],[13.400229,52.509381],[13.40019,52.509376],[13.399232,52.508077],[13.398795,52.508093],[13.398772,52.508114],[13.392124,52.507698],[13.379442,52.506947],[13.378938,52.50693],[13.377649,52.507968],[13.374977,52.503378],[13.374746,52.503236],[13.374681,52.503235],[13.374399,52.503389],[13.374251,52.503494],[13.374133,52.503603],[13.373606,52.504163],[13.373029,52.503365],[13.371382,52.501573],[13.37089,52.499981],[13.370846,52.499899],[13.37078,52.499834],[13.370587,52.499685],[13.370556,52.499683],[13.37036,52.499532],[13.370362,52.499511],[13.369528,52.49887],[13.369728,52.498775],[13.369601,52.498109],[13.368678,52.497385],[13.368413,52.494482],[13.368581,52.493956],[13.368357,52.493545],[13.368215,52.493331],[13.369164,52.49314],[13.369238,52.493281],[13.371077,52.492913],[13.371069,52.492757],[13.376434,52.491676],[13.376404,52.491433],[13.375475,52.490456],[13.375399,52.489432],[13.374731,52.48938],[13.373536,52.487982],[13.373502,52.487746],[13.374164,52.487711],[13.374159,52.487158],[13.374021,52.48517],[13.371643,52.485184],[13.371606,52.485121],[13.371662,52.485121],[13.371569,52.484951],[13.386269,52.484864],[13.386291,52.485827],[13.394253,52.485772],[13.39424,52.484105],[13.394518,52.484105],[13.394639,52.484028],[13.400229,52.483905],[13.40046,52.483813],[13.401892,52.483648],[13.403286,52.483424],[13.406395,52.482771],[13.406748,52.485126],[13.406791,52.485304],[13.406865,52.48548],[13.406978,52.485663],[13.407114,52.485824],[13.408529,52.487142],[13.407906,52.488479],[13.407843,52.488487],[13.40772,52.488752],[13.407886,52.488861],[13.420843,52.487168],[13.421298,52.487054],[13.423682,52.486358],[13.424024,52.486681],[13.424938,52.487784],[13.425411,52.488085],[13.424901,52.488901],[13.424867,52.488907],[13.424862,52.488932],[13.424877,52.48894],[13.424198,52.49004],[13.420789,52.495476],[13.420401,52.495864],[13.42097,52.49579],[13.421534,52.495686],[13.422084,52.495557],[13.422619,52.495408],[13.430401,52.492877],[13.438271,52.490376],[13.439228,52.489661],[13.439234,52.489641],[13.439253,52.489644],[13.439264,52.48961],[13.439628,52.489659],[13.439616,52.489693],[13.439634,52.489695],[13.439688,52.490081],[13.439761,52.490353],[13.439893,52.490603],[13.440037,52.490733],[13.440228,52.490861],[13.440523,52.491009],[13.440778,52.491174],[13.444556,52.494101],[13.444976,52.494423],[13.4451,52.49449],[13.445481,52.494643],[13.445819,52.494717],[13.446253,52.494733],[13.446988,52.494636],[13.447094,52.494634],[13.447424,52.494664],[13.447582,52.494698],[13.447729,52.494749],[13.44785,52.494822],[13.450054,52.496474],[13.450282,52.496616],[13.450698,52.496927],[13.450648,52.496942],[13.450908,52.497108],[13.451202,52.497243],[13.45142,52.497323],[13.451553,52.497364],[13.452104,52.497481],[13.452666,52.497575],[13.453352,52.497525],[13.454067,52.497559],[13.455041,52.497368],[13.455071,52.497421],[13.459483,52.496544],[13.461926,52.495589],[13.463057,52.495352],[13.463186,52.495447],[13.463384,52.495379],[13.463737,52.495217],[13.463953,52.495093],[13.463983,52.495025],[13.463944,52.494977],[13.463174,52.494349],[13.4632,52.494215],[13.464215,52.493743],[13.467058,52.492686],[13.468495,52.49234],[13.471019,52.49149],[13.473789,52.491036],[13.475443,52.490329],[13.476125,52.489963],[13.477054,52.489309],[13.477688,52.488785],[13.477875,52.488125],[13.477959,52.487915],[13.478083,52.487713],[13.478638,52.487031],[13.47924,52.487871],[13.479423,52.487923],[13.479859,52.487944],[13.480057,52.487938],[13.480469,52.487887],[13.481684,52.487635],[13.482056,52.487444],[13.482956,52.486046],[13.485946,52.487403],[13.486739,52.487649],[13.487554,52.487789],[13.488504,52.487836],[13.489153,52.487762],[13.48987,52.487636],[13.490709,52.487444],[13.491454,52.488266],[13.490164,52.488759],[13.488813,52.489249],[13.488462,52.489888],[13.486087,52.490799],[13.485773,52.4912],[13.484936,52.491604],[13.484145,52.491658],[13.47308,52.498991],[13.468573,52.499652],[13.468772,52.500158],[13.468877,52.500158]]]}},{"type":"Feature","properties":{"name":"Pankow","title":"Pankow","description":"Berlin administrative district: Pankow","category":"Berlin district","official_id":"11000003","municipality_key":"003","state":"Berlin","state_key":"11","source":"Berlin ALKIS district boundaries","stroke":"#475569","stroke-width":2,"stroke-opacity":0.8,"fill":"#94a3b8","fill-opacity":0.04},"geometry":{"type":"MultiPolygon","coordinates":[[[[13.507124,52.648377],[13.504723,52.649564],[13.503143,52.649971],[13.502708,52.65016],[13.5004,52.651032],[13.493483,52.653747],[13.49076,52.654797],[13.485359,52.659426],[13.488424,52.670787],[13.485219,52.66964],[13.483787,52.669302],[13.480818,52.668396],[13.479935,52.66811],[13.477975,52.667678],[13.47697,52.66712],[13.475833,52.666548],[13.475697,52.666652],[13.47566,52.666692],[13.475564,52.666869],[13.475578,52.667057],[13.475547,52.667185],[13.475549,52.667275],[13.475621,52.667411],[13.475698,52.667499],[13.475681,52.667535],[13.475626,52.667602],[13.475422,52.667769],[13.475301,52.667902],[13.475131,52.66799],[13.474893,52.668042],[13.474706,52.668043],[13.474585,52.668064],[13.474532,52.668222],[13.474736,52.668589],[13.47595,52.670548],[13.476118,52.670843],[13.476466,52.671358],[13.47691,52.671792],[13.477262,52.672071],[13.479848,52.674725],[13.480084,52.674858],[13.479981,52.674955],[13.479488,52.675508],[13.477273,52.673901],[13.47628,52.674489],[13.47552,52.675023],[13.475493,52.675008],[13.473555,52.673444],[13.470715,52.671024],[13.470523,52.671073],[13.465928,52.667118],[13.459554,52.668975],[13.455506,52.665749],[13.455216,52.665635],[13.450786,52.662667],[13.453945,52.66185],[13.454917,52.661373],[13.462383,52.65754],[13.473513,52.656531],[13.473531,52.656373],[13.473678,52.656323],[13.474126,52.655945],[13.474263,52.655752],[13.474271,52.655688],[13.474221,52.655594],[13.474188,52.655364],[13.474039,52.65486],[13.47408,52.654772],[13.474049,52.654637],[13.47403,52.654637],[13.474029,52.654559],[13.474118,52.654515],[13.474063,52.654333],[13.473907,52.654119],[13.473614,52.653914],[13.473508,52.653875],[13.473275,52.653829],[13.472963,52.653695],[13.472707,52.653627],[13.472617,52.653566],[13.472411,52.653479],[13.472176,52.653411],[13.472156,52.653376],[13.472056,52.65331],[13.471974,52.65323],[13.471794,52.653144],[13.471567,52.652991],[13.471446,52.652884],[13.47109,52.652658],[13.470496,52.652362],[13.469967,52.651863],[13.469267,52.651665],[13.469014,52.651675],[13.468762,52.651734],[13.468661,52.651721],[13.468488,52.651636],[13.468312,52.651658],[13.468008,52.651605],[13.467659,52.651589],[13.467554,52.6516],[13.467331,52.651665],[13.467075,52.651653],[13.466935,52.651615],[13.466794,52.651518],[13.46658,52.651475],[13.466384,52.651386],[13.465724,52.651169],[13.465026,52.650739],[13.464733,52.650688],[13.46466,52.650657],[13.464563,52.650577],[13.464518,52.650558],[13.464365,52.650549],[13.464276,52.650521],[13.46426,52.650507],[13.464272,52.650435],[13.464253,52.650418],[13.464102,52.65044],[13.464013,52.650428],[13.463869,52.650377],[13.463764,52.650305],[13.463057,52.649924],[13.462763,52.649624],[13.462542,52.649223],[13.462409,52.64906],[13.462209,52.648893],[13.462121,52.64885],[13.461823,52.648824],[13.461294,52.648735],[13.460794,52.648601],[13.460414,52.648477],[13.460072,52.648314],[13.459733,52.648081],[13.456455,52.648415],[13.456273,52.648378],[13.452085,52.648699],[13.452098,52.649672],[13.451984,52.649692],[13.451687,52.649624],[13.451599,52.649741],[13.450978,52.649851],[13.448737,52.650001],[13.447887,52.650038],[13.44749,52.650025],[13.446762,52.649898],[13.44657,52.649849],[13.446446,52.649786],[13.445382,52.649562],[13.444913,52.649502],[13.44331,52.649538],[13.443199,52.649349],[13.442894,52.64936],[13.442773,52.649124],[13.44161,52.649023],[13.441651,52.64933],[13.441546,52.649384],[13.440821,52.649263],[13.43979,52.645267],[13.439412,52.645256],[13.439077,52.645214],[13.438821,52.645153],[13.437114,52.644868],[13.436315,52.644763],[13.435701,52.644662],[13.435262,52.64453],[13.434009,52.644283],[13.433873,52.64401],[13.433822,52.643824],[13.433744,52.64323],[13.433532,52.642432],[13.43348,52.642124],[13.433507,52.642122],[13.43339,52.641474],[13.434261,52.637954],[13.432723,52.637378],[13.427631,52.637512],[13.424379,52.635575],[13.424355,52.635465],[13.42079,52.637406],[13.419171,52.638191],[13.416857,52.639268],[13.41655,52.639434],[13.415078,52.640628],[13.414258,52.64124],[13.414751,52.64178],[13.414736,52.642385],[13.414419,52.642512],[13.413629,52.642466],[13.412292,52.643482],[13.407885,52.642686],[13.40659,52.643846],[13.404748,52.644553],[13.403893,52.644862],[13.403241,52.645187],[13.400355,52.64677],[13.39931,52.647366],[13.397906,52.648115],[13.397938,52.648289],[13.397772,52.648294],[13.397598,52.64822],[13.397381,52.648191],[13.39727,52.64815],[13.397051,52.648025],[13.397004,52.647952],[13.396837,52.647832],[13.396808,52.647694],[13.396389,52.647424],[13.396074,52.64744],[13.395806,52.64743],[13.395199,52.647439],[13.394554,52.647555],[13.394502,52.647533],[13.394475,52.647362],[13.394339,52.647166],[13.394136,52.64692],[13.393961,52.646759],[13.393909,52.646692],[13.393845,52.646519],[13.393927,52.646444],[13.393922,52.646403],[13.393867,52.646317],[13.393732,52.646227],[13.393559,52.646175],[13.393346,52.646156],[13.393209,52.646051],[13.393148,52.645964],[13.39314,52.64588],[13.39326,52.645834],[13.393298,52.645798],[13.393198,52.645705],[13.393003,52.645643],[13.392932,52.645562],[13.393178,52.645411],[13.393041,52.645312],[13.392846,52.645323],[13.392826,52.645378],[13.392848,52.645467],[13.392718,52.645307],[13.392923,52.645265],[13.392949,52.645235],[13.392879,52.645171],[13.392811,52.645148],[13.392528,52.645097],[13.392379,52.644978],[13.392366,52.64496],[13.392407,52.644889],[13.392427,52.644804],[13.392407,52.644783],[13.392339,52.64476],[13.392091,52.644821],[13.391912,52.644749],[13.391927,52.644694],[13.391989,52.644602],[13.392263,52.644479],[13.392313,52.644439],[13.392331,52.644404],[13.392279,52.644365],[13.392167,52.644347],[13.392087,52.644379],[13.39207,52.644422],[13.392017,52.644479],[13.391961,52.64446],[13.391955,52.644438],[13.39202,52.644355],[13.392016,52.644323],[13.391962,52.644261],[13.391843,52.644226],[13.39183,52.644199],[13.3919,52.64411],[13.392037,52.644148],[13.392161,52.644143],[13.392187,52.644116],[13.392172,52.644042],[13.392146,52.644012],[13.392062,52.644002],[13.391814,52.643912],[13.391745,52.643841],[13.391773,52.643829],[13.391993,52.64384],[13.392205,52.643827],[13.39226,52.643809],[13.392295,52.643741],[13.392286,52.643705],[13.392103,52.643682],[13.391862,52.643723],[13.391739,52.643715],[13.391532,52.643659],[13.391502,52.643633],[13.391692,52.643581],[13.392065,52.643577],[13.392125,52.643599],[13.392178,52.64364],[13.392287,52.643652],[13.392312,52.643573],[13.392243,52.643522],[13.392226,52.643477],[13.392268,52.643333],[13.392248,52.643276],[13.392207,52.643236],[13.392105,52.643232],[13.391972,52.643293],[13.391944,52.64332],[13.391961,52.643366],[13.392005,52.643403],[13.39201,52.643459],[13.391974,52.643475],[13.391965,52.64341],[13.391895,52.643386],[13.39183,52.64339],[13.391569,52.643452],[13.391502,52.643497],[13.391329,52.643551],[13.3913,52.643547],[13.391341,52.643338],[13.391304,52.643176],[13.391255,52.643159],[13.391203,52.643165],[13.391118,52.64321],[13.391108,52.643185],[13.391153,52.64307],[13.391065,52.642958],[13.391011,52.642917],[13.390943,52.642892],[13.390865,52.642793],[13.390762,52.64273],[13.390669,52.642622],[13.390857,52.6426],[13.390914,52.642539],[13.390899,52.642472],[13.390774,52.642402],[13.390602,52.64242],[13.390413,52.642476],[13.390313,52.642479],[13.390145,52.642436],[13.39019,52.642398],[13.390431,52.642316],[13.390567,52.642244],[13.390591,52.642194],[13.390552,52.642154],[13.390368,52.642096],[13.390295,52.642109],[13.39023,52.642164],[13.390205,52.642154],[13.39024,52.642001],[13.390316,52.641952],[13.390298,52.641913],[13.390262,52.641889],[13.390429,52.641884],[13.390464,52.641851],[13.390464,52.641825],[13.390402,52.641788],[13.390262,52.641781],[13.390168,52.641749],[13.390045,52.64157],[13.3901,52.641501],[13.390267,52.641552],[13.39033,52.641555],[13.390385,52.641529],[13.390397,52.641505],[13.390381,52.641466],[13.390293,52.6414],[13.390181,52.641346],[13.389813,52.641421],[13.389882,52.64152],[13.389659,52.641519],[13.389654,52.641456],[13.389678,52.641377],[13.389687,52.641225],[13.390052,52.641185],[13.390002,52.641092],[13.389913,52.641016],[13.389913,52.640995],[13.390098,52.640953],[13.390141,52.640907],[13.390115,52.640839],[13.390283,52.640875],[13.390352,52.640877],[13.390402,52.640853],[13.390409,52.640826],[13.390381,52.640783],[13.390245,52.640697],[13.390168,52.640531],[13.390133,52.640507],[13.38996,52.640548],[13.389911,52.640538],[13.389928,52.640508],[13.390191,52.640393],[13.390312,52.640298],[13.390443,52.640152],[13.390462,52.640118],[13.390455,52.640104],[13.390374,52.640046],[13.390389,52.639985],[13.390523,52.639957],[13.39061,52.639915],[13.390368,52.639812],[13.390153,52.639674],[13.389892,52.639477],[13.389871,52.639398],[13.389821,52.639383],[13.389674,52.639392],[13.389613,52.639373],[13.389649,52.639317],[13.38975,52.639225],[13.389843,52.639196],[13.389923,52.639147],[13.389936,52.639122],[13.389892,52.639072],[13.389606,52.639018],[13.389589,52.638989],[13.389607,52.638947],[13.389762,52.638901],[13.389668,52.638877],[13.389546,52.638894],[13.389489,52.63888],[13.389438,52.638837],[13.389469,52.638813],[13.38982,52.638849],[13.389818,52.638781],[13.389682,52.638639],[13.389565,52.638578],[13.389524,52.638518],[13.389525,52.638471],[13.389354,52.63825],[13.389265,52.638193],[13.389074,52.638148],[13.389061,52.638131],[13.389261,52.638015],[13.389329,52.637955],[13.38933,52.637892],[13.389276,52.637853],[13.389138,52.637851],[13.389021,52.637876],[13.388944,52.637858],[13.388942,52.637838],[13.389215,52.637676],[13.389205,52.637624],[13.388974,52.637594],[13.388655,52.637604],[13.388621,52.637594],[13.388305,52.637418],[13.388349,52.637287],[13.388317,52.637223],[13.388228,52.637175],[13.388076,52.637157],[13.387617,52.637238],[13.387428,52.637148],[13.387172,52.63706],[13.387056,52.636987],[13.386951,52.636974],[13.386695,52.637022],[13.38663,52.636974],[13.38661,52.636922],[13.386535,52.636871],[13.386465,52.63688],[13.386425,52.636913],[13.386358,52.636926],[13.386353,52.636875],[13.386408,52.636824],[13.386416,52.636776],[13.386374,52.636743],[13.386289,52.636737],[13.386196,52.636777],[13.386121,52.636782],[13.38599,52.636696],[13.385752,52.636583],[13.385689,52.636583],[13.38553,52.636628],[13.38515,52.636519],[13.385094,52.636486],[13.385121,52.636453],[13.385205,52.636406],[13.385213,52.636353],[13.385161,52.636295],[13.38508,52.636263],[13.384998,52.636261],[13.38491,52.636293],[13.384843,52.636353],[13.384811,52.636422],[13.384761,52.636448],[13.384666,52.636426],[13.3846,52.636294],[13.38453,52.636243],[13.384452,52.636255],[13.38442,52.636275],[13.384362,52.636363],[13.384307,52.63639],[13.384271,52.636382],[13.384244,52.636271],[13.384209,52.63623],[13.384143,52.636201],[13.384026,52.636184],[13.383926,52.636233],[13.383833,52.636325],[13.383828,52.636358],[13.383848,52.636388],[13.383901,52.636411],[13.383935,52.636441],[13.383935,52.636462],[13.383891,52.636481],[13.383563,52.636424],[13.383498,52.636434],[13.383457,52.636454],[13.383368,52.63661],[13.383326,52.636636],[13.383239,52.636612],[13.383022,52.636368],[13.382958,52.63635],[13.38285,52.636357],[13.38274,52.636417],[13.382588,52.636453],[13.382404,52.636451],[13.382344,52.636417],[13.382266,52.636426],[13.38219,52.636472],[13.382131,52.636338],[13.382028,52.636309],[13.381899,52.636375],[13.381814,52.636397],[13.38183,52.63634],[13.381928,52.636217],[13.382009,52.636156],[13.38205,52.636084],[13.382065,52.63602],[13.381935,52.635952],[13.382693,52.635747],[13.382859,52.635217],[13.381585,52.634867],[13.380574,52.634516],[13.380083,52.634384],[13.379967,52.634408],[13.380105,52.634278],[13.379401,52.633872],[13.378709,52.634353],[13.37865,52.634256],[13.37825,52.633989],[13.377685,52.63339],[13.377701,52.633282],[13.377736,52.633184],[13.377618,52.633071],[13.377378,52.63314],[13.377274,52.633188],[13.37714,52.63314],[13.377078,52.633076],[13.376915,52.632997],[13.376793,52.632916],[13.376771,52.632855],[13.376792,52.632783],[13.376997,52.632838],[13.377062,52.632825],[13.377193,52.632674],[13.377122,52.632552],[13.37704,52.63251],[13.376794,52.632449],[13.376598,52.632456],[13.376564,52.632414],[13.376887,52.632289],[13.376917,52.632257],[13.376908,52.632212],[13.376869,52.632175],[13.376639,52.632131],[13.376473,52.632141],[13.376452,52.632118],[13.376518,52.632016],[13.376537,52.631941],[13.376358,52.631783],[13.376168,52.63173],[13.375956,52.631637],[13.375822,52.631607],[13.375839,52.631573],[13.37591,52.631512],[13.376051,52.631462],[13.376241,52.631459],[13.376344,52.631369],[13.376348,52.631345],[13.376316,52.631304],[13.376237,52.631273],[13.376158,52.631143],[13.376282,52.630806],[13.376473,52.630598],[13.376481,52.630529],[13.376549,52.63042],[13.37667,52.630276],[13.376802,52.630026],[13.376946,52.629957],[13.377001,52.629899],[13.377022,52.629819],[13.376987,52.629764],[13.376911,52.629711],[13.376887,52.629593],[13.376825,52.629535],[13.376995,52.629414],[13.377023,52.629338],[13.37685,52.629156],[13.376588,52.629206],[13.376444,52.629254],[13.376387,52.629244],[13.376366,52.629215],[13.376378,52.629173],[13.376605,52.629075],[13.376679,52.628895],[13.376129,52.628935],[13.376049,52.629038],[13.375962,52.629081],[13.375897,52.629092],[13.375866,52.629086],[13.375827,52.629038],[13.376267,52.628751],[13.376366,52.628623],[13.376378,52.628378],[13.376197,52.628334],[13.375955,52.62841],[13.375861,52.628409],[13.375727,52.628449],[13.375693,52.628519],[13.375452,52.628679],[13.375398,52.628642],[13.375234,52.628606],[13.375204,52.628511],[13.375097,52.628353],[13.375045,52.628231],[13.37478,52.62797],[13.374633,52.628],[13.374622,52.627907],[13.374572,52.627767],[13.374186,52.627918],[13.374206,52.627773],[13.374142,52.627676],[13.373967,52.627679],[13.373828,52.627762],[13.373637,52.627809],[13.373547,52.6278],[13.373402,52.627713],[13.373297,52.627603],[13.373197,52.627571],[13.372977,52.627445],[13.372788,52.627553],[13.37269,52.627575],[13.372322,52.627271],[13.371873,52.627323],[13.371605,52.627401],[13.371586,52.627391],[13.3716,52.627211],[13.371484,52.62716],[13.371192,52.627204],[13.371099,52.627231],[13.37097,52.627353],[13.370803,52.627375],[13.370693,52.62731],[13.370439,52.627037],[13.370292,52.626997],[13.370175,52.627069],[13.370232,52.626823],[13.370122,52.626771],[13.369872,52.626689],[13.369831,52.626515],[13.369721,52.626452],[13.369665,52.626318],[13.369549,52.626251],[13.36957,52.626111],[13.36951,52.626014],[13.369135,52.626033],[13.369112,52.625991],[13.369162,52.625829],[13.368882,52.625679],[13.36853,52.625579],[13.368236,52.625676],[13.367967,52.625577],[13.367684,52.625715],[13.367657,52.626006],[13.367297,52.625885],[13.367277,52.625866],[13.367278,52.625807],[13.367219,52.625751],[13.367155,52.625761],[13.366979,52.625859],[13.366939,52.625851],[13.366916,52.625793],[13.366971,52.625466],[13.366911,52.625442],[13.366928,52.625346],[13.367111,52.6254],[13.367194,52.625314],[13.367304,52.625023],[13.367908,52.624072],[13.369519,52.622257],[13.369718,52.621986],[13.370382,52.621201],[13.371047,52.620367],[13.371554,52.619695],[13.37245,52.618377],[13.373137,52.617286],[13.374288,52.615666],[13.375228,52.614226],[13.375717,52.613239],[13.376284,52.611129],[13.376323,52.610697],[13.376354,52.609323],[13.376212,52.607738],[13.375777,52.607073],[13.375789,52.60702],[13.37515,52.606109],[13.37526,52.606225],[13.374268,52.604767],[13.371662,52.601027],[13.371022,52.600047],[13.37057,52.59948],[13.37015,52.599079],[13.368603,52.597814],[13.368104,52.59738],[13.367972,52.597368],[13.367855,52.597251],[13.364357,52.594335],[13.364293,52.59431],[13.364295,52.594279],[13.362532,52.592842],[13.360649,52.59127],[13.360071,52.591177],[13.359129,52.591093],[13.355693,52.590887],[13.355215,52.590881],[13.354149,52.590909],[13.353691,52.590898],[13.351756,52.590794],[13.350197,52.590605],[13.348641,52.59032],[13.347557,52.590083],[13.349133,52.5892],[13.34992,52.589239],[13.349791,52.58891],[13.351386,52.588024],[13.351869,52.587799],[13.352233,52.587588],[13.352104,52.587535],[13.353325,52.586901],[13.357818,52.584387],[13.358454,52.584262],[13.358814,52.584172],[13.359252,52.583857],[13.359216,52.583775],[13.363451,52.581433],[13.363868,52.581252],[13.364011,52.581468],[13.364307,52.58129],[13.365283,52.580607],[13.365716,52.580348],[13.368168,52.579001],[13.368132,52.578948],[13.371181,52.577289],[13.372272,52.576812],[13.372317,52.576859],[13.372991,52.576568],[13.374273,52.576048],[13.374723,52.575848],[13.375144,52.575632],[13.376051,52.575075],[13.376463,52.574804],[13.376517,52.574806],[13.376445,52.574745],[13.378157,52.573614],[13.37825,52.573687],[13.378483,52.573716],[13.378589,52.573413],[13.378917,52.573455],[13.379036,52.573066],[13.379271,52.573095],[13.379355,52.572824],[13.379518,52.572724],[13.379615,52.572736],[13.379685,52.572524],[13.382239,52.572021],[13.382542,52.572076],[13.383082,52.572333],[13.388264,52.569479],[13.387775,52.569147],[13.389282,52.568243],[13.389046,52.568127],[13.38845,52.567749],[13.388381,52.567679],[13.388516,52.567606],[13.388655,52.567659],[13.38906,52.56738],[13.389053,52.567326],[13.388793,52.567155],[13.388955,52.567068],[13.388918,52.567001],[13.390629,52.566022],[13.390742,52.565821],[13.39071,52.565796],[13.391032,52.565624],[13.391067,52.565649],[13.391342,52.565621],[13.392861,52.564762],[13.39319,52.564557],[13.39339,52.564405],[13.393334,52.564374],[13.393726,52.564087],[13.394202,52.563665],[13.394628,52.563245],[13.395905,52.561822],[13.396216,52.56129],[13.396319,52.561077],[13.396399,52.560863],[13.396536,52.560433],[13.396784,52.559431],[13.396957,52.558809],[13.397011,52.558435],[13.397098,52.558268],[13.397167,52.557888],[13.397137,52.557889],[13.397176,52.556792],[13.397177,52.556344],[13.397308,52.555665],[13.397421,52.555219],[13.397555,52.554777],[13.397718,52.554112],[13.397982,52.553228],[13.398067,52.552806],[13.398064,52.5526],[13.397981,52.552196],[13.397806,52.551768],[13.39763,52.551418],[13.397355,52.55112],[13.396846,52.550704],[13.3989,52.550886],[13.399234,52.549068],[13.400304,52.546646],[13.399354,52.546558],[13.399359,52.546538],[13.399207,52.54653],[13.399648,52.54551],[13.399816,52.54506],[13.400246,52.543376],[13.400906,52.54196],[13.402031,52.540125],[13.403378,52.540506],[13.403528,52.540213],[13.404191,52.540401],[13.404705,52.540188],[13.405357,52.538837],[13.405302,52.538826],[13.405363,52.538712],[13.405415,52.538721],[13.405519,52.538514],[13.405462,52.538503],[13.405814,52.537784],[13.405885,52.537797],[13.406748,52.536101],[13.406918,52.53571],[13.407486,52.53469],[13.40835,52.534348],[13.406426,52.532347],[13.406368,52.532085],[13.405991,52.530781],[13.406086,52.530605],[13.405928,52.530381],[13.405586,52.529665],[13.408189,52.529228],[13.409397,52.528951],[13.410091,52.528808],[13.411298,52.528623],[13.41543,52.527462],[13.416147,52.527083],[13.41636,52.52702],[13.416682,52.526873],[13.416696,52.526885],[13.416897,52.526796],[13.416883,52.526784],[13.417962,52.526303],[13.419753,52.525546],[13.423642,52.527915],[13.424005,52.527882],[13.424455,52.527899],[13.424469,52.527913],[13.424515,52.527902],[13.424664,52.527908],[13.424854,52.527878],[13.425027,52.528095],[13.437482,52.529548],[13.438311,52.528801],[13.438748,52.528778],[13.442277,52.531026],[13.44648,52.527139],[13.446555,52.526976],[13.447168,52.526408],[13.450771,52.527484],[13.452182,52.527798],[13.452417,52.527526],[13.4558,52.522552],[13.456156,52.522456],[13.45529,52.521272],[13.462695,52.519928],[13.472107,52.520694],[13.471465,52.521312],[13.471297,52.521524],[13.470992,52.521819],[13.470299,52.522379],[13.469911,52.522635],[13.469495,52.522874],[13.469041,52.523097],[13.468585,52.523299],[13.468103,52.523485],[13.467095,52.523818],[13.466023,52.524062],[13.464927,52.524226],[13.462756,52.524504],[13.460262,52.525286],[13.459668,52.52551],[13.459118,52.525768],[13.458822,52.525948],[13.458179,52.526399],[13.456197,52.528265],[13.456332,52.528395],[13.460674,52.529358],[13.461006,52.529678],[13.463249,52.5324],[13.463389,52.532634],[13.464445,52.532989],[13.464429,52.533027],[13.464439,52.533065],[13.46448,52.533113],[13.464541,52.533151],[13.464525,52.533202],[13.46626,52.533778],[13.466959,52.534055],[13.467025,52.534031],[13.467124,52.534076],[13.467191,52.534082],[13.467308,52.53403],[13.467382,52.534063],[13.467354,52.534086],[13.468743,52.534712],[13.468672,52.534856],[13.468412,52.53526],[13.468069,52.535772],[13.467775,52.536157],[13.467456,52.536297],[13.466919,52.536429],[13.466386,52.536664],[13.467648,52.53845],[13.46753,52.538461],[13.46752,52.538405],[13.46731,52.538495],[13.469841,52.540458],[13.467017,52.548071],[13.467363,52.548321],[13.468416,52.548235],[13.468464,52.548178],[13.468526,52.548231],[13.469542,52.547776],[13.469929,52.547742],[13.478138,52.547595],[13.479645,52.547547],[13.48046,52.548121],[13.480341,52.548232],[13.48011,52.548496],[13.479882,52.548846],[13.479765,52.549102],[13.479342,52.549303],[13.479747,52.549621],[13.480082,52.54947],[13.480254,52.549603],[13.48037,52.549551],[13.480372,52.549452],[13.481687,52.549487],[13.481973,52.549548],[13.482222,52.549648],[13.485677,52.552197],[13.485805,52.552177],[13.486117,52.552398],[13.49035,52.551695],[13.494071,52.550875],[13.49443,52.550785],[13.495443,52.553],[13.495573,52.553352],[13.495638,52.553608],[13.495674,52.553865],[13.495677,52.55413],[13.495659,52.554407],[13.495612,52.554706],[13.495532,52.555003],[13.49542,52.55528],[13.495278,52.555556],[13.495105,52.555823],[13.494907,52.556082],[13.49468,52.556336],[13.492482,52.558577],[13.492243,52.558848],[13.491668,52.559448],[13.491299,52.559786],[13.491073,52.55995],[13.490823,52.560103],[13.490557,52.560243],[13.489969,52.56048],[13.487289,52.561291],[13.486661,52.561415],[13.485402,52.561552],[13.485186,52.561802],[13.485318,52.562275],[13.485596,52.562418],[13.486069,52.564153],[13.483673,52.564427],[13.483959,52.565303],[13.484027,52.565364],[13.484081,52.565501],[13.484097,52.565592],[13.484108,52.565972],[13.484154,52.566027],[13.483975,52.566074],[13.48359,52.566119],[13.487588,52.569219],[13.484121,52.570883],[13.482601,52.571635],[13.482702,52.571819],[13.482799,52.572155],[13.48283,52.572374],[13.482795,52.572632],[13.482571,52.572562],[13.482362,52.572517],[13.482188,52.572494],[13.482027,52.572494],[13.481544,52.572584],[13.481333,52.572603],[13.481054,52.572618],[13.480278,52.572607],[13.479917,52.57263],[13.479459,52.572694],[13.479575,52.573341],[13.479856,52.573325],[13.479888,52.573511],[13.47962,52.573528],[13.479668,52.573779],[13.479625,52.573778],[13.479791,52.574513],[13.480071,52.57502],[13.480079,52.575135],[13.479746,52.57515],[13.479808,52.575427],[13.479915,52.575419],[13.47999,52.577695],[13.480148,52.577742],[13.480453,52.577726],[13.480516,52.577703],[13.480513,52.577779],[13.480416,52.577799],[13.480402,52.577855],[13.480271,52.577836],[13.48025,52.577917],[13.480205,52.577914],[13.480038,52.578601],[13.480084,52.578605],[13.479943,52.579201],[13.479735,52.579604],[13.47969,52.580093],[13.47976,52.580345],[13.479771,52.580556],[13.479722,52.580782],[13.479715,52.580943],[13.479733,52.581191],[13.47977,52.581307],[13.479823,52.581587],[13.48001,52.58225],[13.480283,52.582931],[13.480449,52.583413],[13.480477,52.583533],[13.481613,52.583315],[13.481975,52.584002],[13.483566,52.584077],[13.48433,52.585638],[13.484646,52.585618],[13.485032,52.586405],[13.485315,52.58703],[13.485308,52.587131],[13.485365,52.587231],[13.4855,52.587348],[13.485666,52.587601],[13.486004,52.588014],[13.486399,52.588393],[13.486945,52.588839],[13.488405,52.589784],[13.488961,52.59005],[13.501821,52.595123],[13.505176,52.596463],[13.498974,52.605162],[13.496662,52.605028],[13.497125,52.606697],[13.497496,52.607871],[13.497971,52.609249],[13.498509,52.610744],[13.499104,52.61182],[13.500264,52.613681],[13.500653,52.61442],[13.50086,52.614883],[13.501205,52.615554],[13.501899,52.616756],[13.502781,52.618163],[13.50327,52.618901],[13.503308,52.618993],[13.503515,52.619167],[13.503703,52.619261],[13.504615,52.619591],[13.505458,52.619975],[13.505855,52.625752],[13.507891,52.626593],[13.510267,52.627427],[13.511392,52.627787],[13.514652,52.628635],[13.517816,52.629565],[13.518471,52.631697],[13.51974,52.634428],[13.520411,52.635711],[13.520881,52.636903],[13.521057,52.637495],[13.521719,52.63866],[13.52244,52.640761],[13.522567,52.641736],[13.522814,52.643127],[13.522926,52.643932],[13.523022,52.645035],[13.521803,52.644939],[13.520391,52.644877],[13.519941,52.645499],[13.51985,52.645803],[13.519652,52.646223],[13.519267,52.646945],[13.517857,52.646704],[13.517162,52.646563],[13.516548,52.646414],[13.515187,52.646119],[13.512828,52.645399],[13.511934,52.645828],[13.507124,52.648377]],[[13.433624,52.642132],[13.433995,52.642163],[13.434045,52.642167],[13.433925,52.641982],[13.433585,52.641891],[13.433624,52.642132]]],[[[13.393058,52.645909],[13.393066,52.646009],[13.39309,52.646034],[13.393021,52.646006],[13.393018,52.64593],[13.393058,52.645909]]],[[[13.505452,52.619888],[13.504672,52.619534],[13.503766,52.619206],[13.503596,52.619119],[13.50344,52.618994],[13.503651,52.619096],[13.505438,52.619686],[13.505452,52.619888]]],[[[13.392786,52.645495],[13.392921,52.645666],[13.392744,52.645644],[13.3927,52.645582],[13.392786,52.645495]]]]}},{"type":"Feature","properties":{"name":"Charlottenburg-Wilmersdorf","title":"Charlottenburg-Wilmersdorf","description":"Berlin administrative district: Charlottenburg-Wilmersdorf","category":"Berlin district","official_id":"11000004","municipality_key":"004","state":"Berlin","state_key":"11","source":"Berlin ALKIS district boundaries","stroke":"#475569","stroke-width":2,"stroke-opacity":0.8,"fill":"#94a3b8","fill-opacity":0.04},"geometry":{"type":"Polygon","coordinates":[[[13.337326,52.490483],[13.337533,52.490716],[13.337087,52.49101],[13.337197,52.4923],[13.337101,52.492288],[13.337349,52.494076],[13.337447,52.494072],[13.337457,52.494189],[13.337435,52.494787],[13.337343,52.494785],[13.337284,52.495857],[13.337378,52.495853],[13.337385,52.495982],[13.337307,52.495986],[13.33782,52.497392],[13.33788,52.497383],[13.337974,52.497642],[13.338085,52.497871],[13.33899,52.499417],[13.338823,52.499744],[13.338923,52.499913],[13.336978,52.500691],[13.337145,52.500907],[13.341421,52.504868],[13.340541,52.50508],[13.340131,52.505144],[13.339889,52.505157],[13.339586,52.50515],[13.339346,52.505126],[13.339068,52.505074],[13.338638,52.50592],[13.337016,52.505731],[13.336708,52.505717],[13.335735,52.505799],[13.335483,52.505854],[13.335293,52.505925],[13.334001,52.506518],[13.334068,52.506578],[13.33375,52.506721],[13.334784,52.508063],[13.334843,52.508159],[13.334877,52.508286],[13.334866,52.50848],[13.334781,52.508638],[13.334659,52.508759],[13.334533,52.508844],[13.334406,52.508905],[13.333966,52.508976],[13.3339,52.508844],[13.330043,52.510075],[13.332755,52.51097],[13.332982,52.511065],[13.333407,52.511279],[13.333757,52.511498],[13.334027,52.511716],[13.333917,52.511732],[13.333811,52.511712],[13.333736,52.511717],[13.331452,52.512231],[13.331194,52.512307],[13.330979,52.512389],[13.330782,52.512497],[13.33066,52.512622],[13.330559,52.512831],[13.331388,52.512886],[13.331445,52.512817],[13.331551,52.512794],[13.331612,52.512808],[13.331658,52.51284],[13.331669,52.512861],[13.331656,52.512932],[13.331875,52.513031],[13.335854,52.513293],[13.336014,52.513786],[13.336108,52.51397],[13.335923,52.513958],[13.336136,52.514377],[13.335379,52.51486],[13.335332,52.51504],[13.334793,52.515504],[13.334215,52.516772],[13.333435,52.516677],[13.332573,52.516685],[13.332283,52.516705],[13.331742,52.516843],[13.331061,52.517062],[13.330692,52.517227],[13.330098,52.517582],[13.329787,52.517813],[13.329634,52.517954],[13.329465,52.518152],[13.329265,52.518459],[13.329157,52.518698],[13.329099,52.518989],[13.329097,52.519185],[13.329131,52.519387],[13.329263,52.51984],[13.32937,52.520102],[13.329491,52.520462],[13.32955,52.52083],[13.329533,52.521179],[13.329494,52.521332],[13.32936,52.521654],[13.329255,52.521843],[13.329064,52.5221],[13.328886,52.5223],[13.328898,52.522331],[13.32866,52.522551],[13.328621,52.522552],[13.328185,52.522885],[13.326838,52.523763],[13.326421,52.523971],[13.325799,52.524222],[13.325503,52.524325],[13.32506,52.52446],[13.324416,52.524605],[13.323811,52.524677],[13.323252,52.524687],[13.322396,52.524635],[13.321679,52.524567],[13.32111,52.524463],[13.32082,52.524388],[13.320534,52.524293],[13.320011,52.524065],[13.31955,52.523776],[13.31935,52.523605],[13.319172,52.523418],[13.31903,52.52323],[13.318942,52.523075],[13.318877,52.522879],[13.318688,52.522072],[13.318712,52.521926],[13.318744,52.521868],[13.318779,52.521115],[13.317798,52.520367],[13.316649,52.520963],[13.313354,52.530261],[13.313849,52.530327],[13.31447,52.530478],[13.316748,52.530905],[13.316614,52.531162],[13.316741,52.531186],[13.316976,52.531302],[13.317305,52.531545],[13.317052,52.53205],[13.317515,52.532377],[13.317186,52.53233],[13.317033,52.532352],[13.313395,52.531881],[13.313366,52.531927],[13.31303,52.531874],[13.312916,52.532205],[13.312789,52.532311],[13.312549,52.532647],[13.311413,52.535614],[13.325852,52.537668],[13.325879,52.537631],[13.325934,52.537622],[13.326827,52.537749],[13.32687,52.537771],[13.32687,52.537804],[13.328462,52.538042],[13.328832,52.538133],[13.329134,52.538231],[13.327191,52.539646],[13.327143,52.539732],[13.327326,52.541431],[13.326836,52.541607],[13.326233,52.541874],[13.326266,52.54191],[13.325841,52.542163],[13.325651,52.542307],[13.324961,52.542864],[13.323463,52.544029],[13.322866,52.54453],[13.322571,52.544721],[13.322191,52.545002],[13.320616,52.546218],[13.320289,52.546443],[13.319915,52.54676],[13.319479,52.547176],[13.319326,52.547296],[13.318651,52.547721],[13.317936,52.548238],[13.316762,52.548279],[13.312947,52.548366],[13.304413,52.548738],[13.301007,52.548819],[13.283415,52.5491],[13.272089,52.549315],[13.271961,52.549389],[13.270594,52.549429],[13.270607,52.549338],[13.270337,52.549345],[13.270305,52.54865],[13.269975,52.548656],[13.269969,52.548555],[13.270122,52.548449],[13.270661,52.547886],[13.27337,52.542943],[13.273141,52.542909],[13.273441,52.542361],[13.273488,52.54223],[13.273493,52.542123],[13.273467,52.542017],[13.272472,52.539421],[13.272466,52.539281],[13.272307,52.538867],[13.27254,52.538835],[13.272528,52.538804],[13.272898,52.538743],[13.273251,52.538659],[13.273598,52.538554],[13.273929,52.53843],[13.274234,52.538299],[13.274532,52.538148],[13.274806,52.537985],[13.275228,52.53769],[13.275321,52.537605],[13.275528,52.537364],[13.275593,52.537266],[13.275472,52.537241],[13.275756,52.536872],[13.275811,52.536839],[13.275815,52.536788],[13.275857,52.53674],[13.27603,52.536446],[13.276208,52.536032],[13.276256,52.535856],[13.276214,52.535851],[13.27624,52.535724],[13.276325,52.5357],[13.276276,52.535639],[13.280279,52.534462],[13.281311,52.534215],[13.282182,52.534051],[13.282025,52.533705],[13.282102,52.533674],[13.282134,52.533621],[13.28204,52.533262],[13.281417,52.531589],[13.281382,52.531258],[13.281363,52.531216],[13.281242,52.530574],[13.280839,52.530067],[13.280217,52.530221],[13.279935,52.530262],[13.279371,52.530291],[13.279327,52.530326],[13.279246,52.530293],[13.27879,52.53027],[13.278217,52.530197],[13.277935,52.530142],[13.277365,52.529962],[13.277132,52.529855],[13.276214,52.529371],[13.275741,52.52916],[13.275533,52.529086],[13.275016,52.528925],[13.275002,52.528935],[13.274686,52.52887],[13.273953,52.528787],[13.273846,52.528799],[13.273324,52.528799],[13.270778,52.528926],[13.269903,52.52895],[13.268053,52.528925],[13.267649,52.528899],[13.267658,52.528833],[13.266955,52.528857],[13.266357,52.52885],[13.265745,52.528816],[13.26515,52.528756],[13.264571,52.528672],[13.264582,52.528628],[13.263929,52.528513],[13.263275,52.528327],[13.26265,52.52813],[13.261446,52.527696],[13.26093,52.527544],[13.259792,52.527324],[13.258655,52.527235],[13.256849,52.527137],[13.255714,52.527091],[13.253874,52.527052],[13.251214,52.527086],[13.249806,52.52718],[13.249266,52.527281],[13.248567,52.52746],[13.248307,52.527546],[13.247584,52.527827],[13.247243,52.527996],[13.246681,52.528314],[13.246342,52.527689],[13.246611,52.527649],[13.246845,52.527563],[13.247011,52.527442],[13.247075,52.52736],[13.247113,52.52728],[13.24721,52.526046],[13.247239,52.525872],[13.247337,52.525528],[13.247607,52.524951],[13.247631,52.524825],[13.247634,52.524636],[13.247703,52.524574],[13.24751,52.524285],[13.246258,52.524559],[13.246186,52.524555],[13.246139,52.52452],[13.244235,52.52499],[13.242244,52.525572],[13.241987,52.525594],[13.240913,52.525877],[13.240556,52.525956],[13.240128,52.525993],[13.23997,52.52609],[13.239835,52.525881],[13.239113,52.526049],[13.238576,52.526114],[13.237707,52.526123],[13.236806,52.526096],[13.236803,52.526136],[13.236449,52.526132],[13.234846,52.526041],[13.233855,52.526034],[13.231275,52.52577],[13.230933,52.525876],[13.228181,52.52602],[13.228039,52.525712],[13.227305,52.525615],[13.225949,52.525793],[13.224806,52.525828],[13.223843,52.525905],[13.223327,52.525971],[13.222484,52.526114],[13.22202,52.526174],[13.221674,52.525665],[13.221817,52.525642],[13.22128,52.524747],[13.221216,52.524608],[13.220799,52.52393],[13.220394,52.523306],[13.219894,52.522624],[13.219779,52.522399],[13.219696,52.522414],[13.21963,52.522285],[13.219714,52.522269],[13.219562,52.52197],[13.219388,52.521421],[13.219348,52.520861],[13.219393,52.519626],[13.219334,52.519625],[13.219335,52.51958],[13.219394,52.519581],[13.21949,52.518157],[13.219657,52.516902],[13.219838,52.515787],[13.220097,52.514599],[13.220308,52.514289],[13.220948,52.513622],[13.219752,52.513577],[13.219679,52.514009],[13.219458,52.513994],[13.218833,52.513367],[13.218472,52.513402],[13.218335,52.513238],[13.218075,52.513039],[13.217435,52.512397],[13.217144,52.51216],[13.21676,52.511941],[13.216472,52.511696],[13.216201,52.51134],[13.215854,52.510686],[13.215869,52.510682],[13.21562,52.510399],[13.215103,52.509648],[13.21498,52.509509],[13.215693,52.509365],[13.215583,52.50916],[13.214546,52.509369],[13.214464,52.509274],[13.214242,52.509151],[13.214085,52.509101],[13.213836,52.50909],[13.213231,52.509097],[13.212801,52.509209],[13.212789,52.509186],[13.212323,52.509244],[13.211862,52.509347],[13.211014,52.508523],[13.210496,52.5072],[13.20933,52.505875],[13.208764,52.505046],[13.209347,52.504301],[13.209727,52.50291],[13.205132,52.501348],[13.19908,52.49988],[13.195208,52.49974],[13.191699,52.498676],[13.18984,52.497546],[13.189455,52.494982],[13.189534,52.492934],[13.187549,52.49121],[13.186597,52.489292],[13.187149,52.487128],[13.189812,52.484335],[13.190167,52.482619],[13.187248,52.478654],[13.188295,52.474084],[13.18817,52.471837],[13.193912,52.471087],[13.19456,52.470978],[13.195232,52.471249],[13.196368,52.471345],[13.196622,52.471341],[13.196996,52.47117],[13.197576,52.47064],[13.197721,52.470346],[13.19766,52.470112],[13.197619,52.469732],[13.197726,52.469356],[13.197928,52.469135],[13.198091,52.469013],[13.198977,52.468767],[13.199152,52.468746],[13.1994,52.468764],[13.199705,52.468815],[13.200315,52.468984],[13.200639,52.469045],[13.200749,52.469099],[13.200904,52.469231],[13.201561,52.469867],[13.201692,52.46996],[13.202212,52.470158],[13.202741,52.470248],[13.20355,52.470471],[13.203732,52.470498],[13.204135,52.470491],[13.204574,52.470527],[13.205097,52.470523],[13.205765,52.47043],[13.206463,52.470311],[13.207711,52.470023],[13.20822,52.469937],[13.209104,52.469817],[13.210169,52.469714],[13.211475,52.469439],[13.212348,52.469563],[13.21323,52.469531],[13.214229,52.469822],[13.215099,52.46993],[13.216159,52.470098],[13.21654,52.470123],[13.218064,52.470067],[13.219422,52.470038],[13.220147,52.470064],[13.221592,52.469978],[13.223573,52.470019],[13.223776,52.469986],[13.225522,52.470127],[13.226785,52.47036],[13.228683,52.470491],[13.230209,52.470748],[13.23147,52.470756],[13.232719,52.470412],[13.233878,52.470121],[13.234272,52.469962],[13.235102,52.469661],[13.236681,52.469445],[13.238067,52.469205],[13.238335,52.46917],[13.238349,52.469194],[13.239046,52.469057],[13.239038,52.469041],[13.241271,52.468655],[13.242008,52.468563],[13.242702,52.468437],[13.243042,52.468356],[13.24382,52.468248],[13.244115,52.468182],[13.245525,52.467934],[13.246751,52.467738],[13.247201,52.467701],[13.247352,52.467714],[13.247815,52.467542],[13.250862,52.467036],[13.251836,52.46686],[13.252631,52.466747],[13.253109,52.466722],[13.253493,52.466726],[13.254329,52.466778],[13.254785,52.466779],[13.255609,52.466752],[13.259093,52.466499],[13.259476,52.46666],[13.259777,52.466731],[13.260025,52.466841],[13.260282,52.46693],[13.260422,52.467006],[13.26059,52.46713],[13.260806,52.467364],[13.260856,52.467399],[13.261626,52.467773],[13.262154,52.467396],[13.262052,52.467347],[13.262097,52.467312],[13.262202,52.467316],[13.262324,52.467223],[13.262315,52.467173],[13.262596,52.467112],[13.262743,52.467045],[13.263113,52.46698],[13.263548,52.466952],[13.264277,52.467001],[13.264861,52.467092],[13.266117,52.467243],[13.266389,52.467348],[13.266613,52.467307],[13.268814,52.467544],[13.273372,52.468056],[13.278334,52.468639],[13.278332,52.46857],[13.278687,52.46861],[13.278683,52.468511],[13.278725,52.468537],[13.281092,52.468849],[13.28313,52.46924],[13.289083,52.470529],[13.289885,52.469892],[13.29015,52.470127],[13.290176,52.47033],[13.296293,52.469182],[13.297808,52.468879],[13.306367,52.46749],[13.306333,52.467414],[13.307477,52.46788],[13.308333,52.467534],[13.308367,52.467555],[13.308566,52.467422],[13.309098,52.467715],[13.310131,52.467123],[13.310654,52.466902],[13.310661,52.466957],[13.310897,52.467054],[13.311125,52.467105],[13.311389,52.467125],[13.319983,52.46698],[13.320096,52.469629],[13.320137,52.469718],[13.32014,52.469761],[13.320167,52.469761],[13.320169,52.469801],[13.320183,52.469801],[13.320186,52.469859],[13.320255,52.4699],[13.320227,52.469927],[13.320262,52.469947],[13.320251,52.46997],[13.320521,52.47013],[13.320527,52.470265],[13.320255,52.470441],[13.320248,52.470479],[13.320281,52.4705],[13.320215,52.470542],[13.320217,52.470587],[13.320205,52.470587],[13.320224,52.470744],[13.320143,52.470745],[13.320428,52.477471],[13.322419,52.47749],[13.324323,52.477482],[13.327089,52.477465],[13.32832,52.477428],[13.328653,52.477442],[13.332868,52.477415],[13.332873,52.477719],[13.332941,52.477721],[13.332943,52.477798],[13.332985,52.477798],[13.332986,52.477847],[13.337068,52.478132],[13.337061,52.479881],[13.337164,52.480122],[13.337164,52.480356],[13.337052,52.480708],[13.337048,52.482088],[13.337203,52.482529],[13.337119,52.482528],[13.337089,52.485679],[13.337174,52.485674],[13.337123,52.485917],[13.337053,52.485921],[13.337134,52.487904],[13.337145,52.487904],[13.337151,52.488036],[13.33721,52.488062],[13.337131,52.488435],[13.337046,52.488489],[13.336979,52.488781],[13.336929,52.489095],[13.336902,52.489409],[13.336971,52.489418],[13.336966,52.489663],[13.336912,52.48967],[13.336896,52.489688],[13.336922,52.490095],[13.336966,52.490374],[13.337021,52.490413],[13.337326,52.490483]]]}},{"type":"Feature","properties":{"name":"Spandau","title":"Spandau","description":"Berlin administrative district: Spandau","category":"Berlin district","official_id":"11000005","municipality_key":"005","state":"Berlin","state_key":"11","source":"Berlin ALKIS district boundaries","stroke":"#475569","stroke-width":2,"stroke-opacity":0.8,"fill":"#94a3b8","fill-opacity":0.04},"geometry":{"type":"Polygon","coordinates":[[[13.21498,52.509509],[13.215103,52.509648],[13.21562,52.510399],[13.215869,52.510682],[13.215854,52.510686],[13.216201,52.51134],[13.216472,52.511696],[13.21676,52.511941],[13.217144,52.51216],[13.217435,52.512397],[13.218075,52.513039],[13.218335,52.513238],[13.218472,52.513402],[13.218833,52.513367],[13.219458,52.513994],[13.219679,52.514009],[13.219752,52.513577],[13.220948,52.513622],[13.220308,52.514289],[13.220097,52.514599],[13.219838,52.515787],[13.219657,52.516902],[13.21949,52.518157],[13.219394,52.519581],[13.219335,52.51958],[13.219334,52.519625],[13.219393,52.519626],[13.219348,52.520861],[13.219388,52.521421],[13.219562,52.52197],[13.219714,52.522269],[13.21963,52.522285],[13.219696,52.522414],[13.219779,52.522399],[13.219894,52.522624],[13.220394,52.523306],[13.220799,52.52393],[13.221216,52.524608],[13.22128,52.524747],[13.221817,52.525642],[13.221674,52.525665],[13.22202,52.526174],[13.222484,52.526114],[13.223327,52.525971],[13.223843,52.525905],[13.224806,52.525828],[13.225949,52.525793],[13.227305,52.525615],[13.228039,52.525712],[13.228181,52.52602],[13.230933,52.525876],[13.231275,52.52577],[13.233855,52.526034],[13.234846,52.526041],[13.236449,52.526132],[13.236803,52.526136],[13.236806,52.526096],[13.237707,52.526123],[13.238576,52.526114],[13.239113,52.526049],[13.239835,52.525881],[13.23997,52.52609],[13.240128,52.525993],[13.240556,52.525956],[13.240913,52.525877],[13.241987,52.525594],[13.242244,52.525572],[13.244235,52.52499],[13.246139,52.52452],[13.246186,52.524555],[13.246258,52.524559],[13.24751,52.524285],[13.247703,52.524574],[13.247634,52.524636],[13.247631,52.524825],[13.247607,52.524951],[13.247337,52.525528],[13.247239,52.525872],[13.24721,52.526046],[13.247113,52.52728],[13.247075,52.52736],[13.247011,52.527442],[13.246845,52.527563],[13.246611,52.527649],[13.246342,52.527689],[13.246681,52.528314],[13.247243,52.527996],[13.247584,52.527827],[13.248307,52.527546],[13.248567,52.52746],[13.249266,52.527281],[13.249806,52.52718],[13.251214,52.527086],[13.253874,52.527052],[13.255714,52.527091],[13.256849,52.527137],[13.258655,52.527235],[13.259792,52.527324],[13.26093,52.527544],[13.261446,52.527696],[13.26265,52.52813],[13.263929,52.528513],[13.264582,52.528628],[13.264571,52.528672],[13.26515,52.528756],[13.265624,52.528806],[13.266602,52.528856],[13.267169,52.528853],[13.267658,52.528833],[13.267649,52.528899],[13.268053,52.528925],[13.269903,52.52895],[13.270778,52.528926],[13.273324,52.528799],[13.273846,52.528799],[13.273953,52.528787],[13.274686,52.52887],[13.275002,52.528935],[13.275016,52.528925],[13.275741,52.52916],[13.276214,52.529371],[13.277132,52.529855],[13.277365,52.529962],[13.277935,52.530142],[13.278217,52.530197],[13.27879,52.53027],[13.279246,52.530293],[13.279327,52.530326],[13.279371,52.530291],[13.279935,52.530262],[13.280217,52.530221],[13.280839,52.530067],[13.281242,52.530574],[13.281363,52.531216],[13.281382,52.531258],[13.281417,52.531589],[13.28204,52.533262],[13.282134,52.533621],[13.282102,52.533674],[13.282025,52.533705],[13.282182,52.534051],[13.281311,52.534215],[13.280279,52.534462],[13.276276,52.535639],[13.276325,52.5357],[13.27624,52.535724],[13.276214,52.535851],[13.276256,52.535856],[13.276208,52.536032],[13.27603,52.536446],[13.275857,52.53674],[13.275815,52.536788],[13.275811,52.536839],[13.275756,52.536872],[13.275472,52.537241],[13.275593,52.537266],[13.275528,52.537364],[13.275321,52.537605],[13.275228,52.53769],[13.274806,52.537985],[13.274532,52.538148],[13.274234,52.538299],[13.273929,52.53843],[13.273598,52.538554],[13.273251,52.538659],[13.272898,52.538743],[13.272528,52.538804],[13.27254,52.538835],[13.272307,52.538867],[13.272466,52.539281],[13.272472,52.539421],[13.273484,52.54207],[13.273492,52.542203],[13.273466,52.542309],[13.273141,52.542909],[13.27337,52.542943],[13.270661,52.547886],[13.270122,52.548449],[13.269969,52.548555],[13.269975,52.548656],[13.270305,52.54865],[13.270337,52.549345],[13.262771,52.549464],[13.258377,52.549576],[13.256946,52.54968],[13.255617,52.549864],[13.254244,52.550129],[13.252988,52.550453],[13.251776,52.550868],[13.250592,52.551334],[13.249449,52.551882],[13.241117,52.556026],[13.241131,52.555935],[13.238948,52.557018],[13.238952,52.557245],[13.238912,52.55728],[13.238343,52.55752],[13.238138,52.557482],[13.234563,52.559257],[13.234574,52.559259],[13.233156,52.559978],[13.232015,52.560638],[13.231191,52.561235],[13.230915,52.561484],[13.230729,52.561398],[13.228259,52.56315],[13.228088,52.563319],[13.227983,52.563478],[13.227911,52.563691],[13.227905,52.563873],[13.227964,52.564087],[13.228559,52.565129],[13.228656,52.56536],[13.2287,52.565548],[13.228714,52.565738],[13.228697,52.565927],[13.228647,52.566123],[13.22851,52.566412],[13.228302,52.566685],[13.228126,52.566854],[13.227393,52.567415],[13.227197,52.567597],[13.227045,52.567809],[13.226971,52.568074],[13.226906,52.56875],[13.226725,52.56933],[13.226422,52.569803],[13.225672,52.570774],[13.225305,52.571222],[13.225201,52.571509],[13.225182,52.571787],[13.225251,52.572329],[13.225265,52.572605],[13.225219,52.572876],[13.225079,52.573145],[13.224643,52.573626],[13.223921,52.574204],[13.222042,52.57494],[13.220241,52.576054],[13.218862,52.577158],[13.217959,52.57854],[13.218013,52.579702],[13.218309,52.580961],[13.218084,52.581462],[13.2177,52.581936],[13.217208,52.582403],[13.216162,52.582962],[13.215776,52.58324],[13.215431,52.583528],[13.215209,52.583875],[13.215171,52.584333],[13.215362,52.584758],[13.215952,52.585259],[13.216435,52.585714],[13.217397,52.587477],[13.211238,52.588227],[13.20734,52.588375],[13.206711,52.586598],[13.205376,52.586853],[13.205036,52.587009],[13.204699,52.587143],[13.202582,52.587867],[13.201515,52.588354],[13.200347,52.588768],[13.199166,52.588934],[13.19848,52.589008],[13.197858,52.589241],[13.197481,52.589306],[13.196632,52.589518],[13.195072,52.589671],[13.194234,52.589788],[13.193758,52.58983],[13.192935,52.589987],[13.191738,52.59019],[13.191464,52.590315],[13.190859,52.590473],[13.190683,52.590592],[13.189116,52.591399],[13.187994,52.591712],[13.18671,52.592108],[13.185627,52.592554],[13.185232,52.592892],[13.184792,52.593157],[13.184473,52.593377],[13.183423,52.593692],[13.18266,52.593823],[13.181914,52.593892],[13.181219,52.594027],[13.180227,52.59432],[13.179561,52.594541],[13.178338,52.59488],[13.177815,52.594916],[13.176855,52.59492],[13.176338,52.594991],[13.174732,52.595107],[13.173668,52.595328],[13.173331,52.595476],[13.172517,52.596038],[13.17197,52.596289],[13.170658,52.59661],[13.170077,52.596788],[13.168605,52.596941],[13.168193,52.596999],[13.167897,52.597011],[13.16453,52.598795],[13.164376,52.598759],[13.157057,52.597626],[13.153889,52.595713],[13.152239,52.594159],[13.151712,52.593725],[13.149285,52.591873],[13.149097,52.59177],[13.145281,52.59039],[13.143506,52.589705],[13.14334,52.589657],[13.141722,52.589333],[13.139344,52.589052],[13.138454,52.588867],[13.137905,52.588702],[13.135948,52.587543],[13.135717,52.587423],[13.135478,52.587366],[13.132666,52.586921],[13.131393,52.58691],[13.131078,52.58693],[13.128964,52.587303],[13.128433,52.586018],[13.129346,52.585931],[13.127965,52.583128],[13.128344,52.583136],[13.128905,52.58319],[13.129543,52.583275],[13.129892,52.583228],[13.13026,52.58304],[13.130506,52.582773],[13.131081,52.581663],[13.131327,52.580921],[13.131678,52.580228],[13.132072,52.579779],[13.132477,52.579608],[13.132609,52.579597],[13.135405,52.580057],[13.135467,52.580014],[13.136033,52.580106],[13.136601,52.580242],[13.137518,52.580531],[13.139157,52.580389],[13.139631,52.580585],[13.140049,52.580803],[13.142035,52.581343],[13.143007,52.581526],[13.143842,52.581571],[13.144633,52.582034],[13.14961,52.583361],[13.149886,52.582879],[13.150593,52.582594],[13.15124,52.582212],[13.151348,52.582039],[13.15131,52.581654],[13.151596,52.58114],[13.151933,52.58057],[13.152326,52.580157],[13.1529,52.579262],[13.153158,52.578945],[13.153206,52.57829],[13.153511,52.577909],[13.153598,52.577461],[13.153452,52.576778],[13.153579,52.576321],[13.153673,52.575772],[13.153499,52.57538],[13.153694,52.574781],[13.153465,52.574545],[13.153548,52.573487],[13.153547,52.573256],[13.15336,52.573085],[13.152776,52.572484],[13.152887,52.572015],[13.152865,52.571602],[13.152682,52.570975],[13.15239,52.570462],[13.152182,52.570322],[13.151265,52.569986],[13.15126,52.569735],[13.151185,52.569152],[13.150372,52.567974],[13.150061,52.567069],[13.149867,52.566762],[13.148672,52.565627],[13.148136,52.565187],[13.148016,52.565013],[13.147702,52.564701],[13.147517,52.564407],[13.147448,52.563974],[13.14747,52.563414],[13.14745,52.563083],[13.147375,52.562651],[13.147384,52.562469],[13.147141,52.561451],[13.146879,52.561285],[13.146389,52.561032],[13.146021,52.560863],[13.145799,52.560605],[13.14607,52.560398],[13.146268,52.559334],[13.146564,52.55916],[13.146855,52.558619],[13.146958,52.557689],[13.146931,52.557045],[13.147287,52.555837],[13.147226,52.554936],[13.146908,52.55428],[13.146579,52.554099],[13.146027,52.553381],[13.145853,52.552931],[13.145582,52.552723],[13.145238,52.552523],[13.144827,52.552478],[13.144587,52.552547],[13.144223,52.552116],[13.143214,52.552079],[13.142562,52.552253],[13.141368,52.552461],[13.140388,52.552488],[13.139922,52.552485],[13.137777,52.552573],[13.136714,52.552655],[13.136329,52.552707],[13.134448,52.553351],[13.133816,52.553756],[13.133518,52.553988],[13.132849,52.554611],[13.132484,52.554926],[13.131533,52.555479],[13.131024,52.555802],[13.130502,52.55601],[13.130472,52.555974],[13.129909,52.554879],[13.129298,52.553443],[13.129247,52.553369],[13.129102,52.553019],[13.128976,52.552648],[13.128022,52.550486],[13.126981,52.548224],[13.126913,52.548111],[13.1265,52.54721],[13.126127,52.546518],[13.126073,52.546375],[13.125646,52.545501],[13.125278,52.544464],[13.125283,52.544442],[13.124965,52.543792],[13.125605,52.543541],[13.125526,52.543388],[13.125438,52.543127],[13.125164,52.542136],[13.124309,52.539548],[13.124229,52.539165],[13.124184,52.53905],[13.124074,52.539053],[13.124015,52.538954],[13.123981,52.538865],[13.124006,52.538863],[13.123906,52.538584],[13.12357,52.537799],[13.12334,52.537076],[13.123104,52.536632],[13.122481,52.535889],[13.122264,52.535596],[13.122158,52.535391],[13.122006,52.535216],[13.12189,52.535166],[13.121792,52.535045],[13.121707,52.534872],[13.121699,52.534751],[13.121566,52.534515],[13.121567,52.534349],[13.121302,52.53368],[13.121238,52.533573],[13.1212,52.533284],[13.120838,52.532804],[13.120349,52.532226],[13.120176,52.531925],[13.119965,52.531536],[13.119789,52.531124],[13.119507,52.530346],[13.119404,52.529914],[13.119285,52.529508],[13.119276,52.529376],[13.119248,52.529381],[13.119199,52.529126],[13.119192,52.528935],[13.1191,52.528246],[13.119015,52.527187],[13.118916,52.526343],[13.11871,52.524965],[13.118629,52.52408],[13.11851,52.523215],[13.118436,52.522474],[13.118369,52.521522],[13.118384,52.521434],[13.118327,52.520748],[13.118115,52.5201],[13.117382,52.517061],[13.119272,52.517004],[13.119665,52.517035],[13.121136,52.517226],[13.12278,52.517395],[13.125154,52.517517],[13.125768,52.517538],[13.126828,52.517534],[13.126998,52.517547],[13.130087,52.517994],[13.131362,52.518122],[13.131908,52.518134],[13.132612,52.518193],[13.133182,52.518283],[13.133592,52.518397],[13.134026,52.518458],[13.135841,52.518704],[13.137433,52.518847],[13.138531,52.519098],[13.141465,52.519611],[13.142674,52.519766],[13.143182,52.519698],[13.143574,52.519464],[13.144354,52.519193],[13.144552,52.518991],[13.14482,52.518625],[13.145041,52.518057],[13.145631,52.517466],[13.146513,52.517389],[13.147501,52.517195],[13.147823,52.517063],[13.149205,52.516555],[13.150142,52.516168],[13.151143,52.515781],[13.151824,52.51555],[13.154386,52.514331],[13.156109,52.513675],[13.156324,52.513606],[13.157379,52.513174],[13.157721,52.513066],[13.158588,52.51294],[13.160265,52.512348],[13.162402,52.51145],[13.163386,52.511082],[13.163995,52.51089],[13.166196,52.510146],[13.168824,52.509226],[13.167978,52.508856],[13.167378,52.508389],[13.166647,52.507849],[13.163568,52.505769],[13.161195,52.504201],[13.159076,52.502882],[13.158586,52.502591],[13.157241,52.501622],[13.157215,52.501624],[13.152475,52.498186],[13.15235,52.498131],[13.151226,52.49731],[13.150059,52.496635],[13.14959,52.496315],[13.146204,52.493661],[13.131629,52.482351],[13.128334,52.479821],[13.126867,52.47896],[13.126567,52.478793],[13.126277,52.478657],[13.123969,52.478249],[13.122169,52.477995],[13.120683,52.477711],[13.120502,52.477747],[13.120406,52.4777],[13.119122,52.477505],[13.118353,52.47737],[13.117693,52.47732],[13.117592,52.475768],[13.117544,52.474778],[13.117552,52.474579],[13.117517,52.474391],[13.117357,52.474002],[13.117235,52.47328],[13.116206,52.47168],[13.113788,52.4698],[13.113954,52.468619],[13.111855,52.467447],[13.110557,52.465657],[13.111429,52.463728],[13.111341,52.461864],[13.110503,52.459997],[13.112409,52.458995],[13.112457,52.4589],[13.112527,52.45867],[13.112674,52.457694],[13.112432,52.456505],[13.112342,52.456217],[13.112175,52.455529],[13.11203,52.454412],[13.111659,52.45364],[13.111356,52.453164],[13.111081,52.452788],[13.110389,52.452038],[13.109912,52.451549],[13.109561,52.451079],[13.109313,52.450698],[13.109296,52.450636],[13.115365,52.445652],[13.116626,52.445174],[13.119011,52.444009],[13.119136,52.443775],[13.119025,52.443278],[13.119018,52.442966],[13.119768,52.441714],[13.119931,52.441521],[13.123121,52.439615],[13.12412,52.440676],[13.126882,52.441146],[13.128046,52.440962],[13.129483,52.44131],[13.130806,52.441414],[13.131724,52.441101],[13.133272,52.442088],[13.13609,52.44238],[13.148521,52.443374],[13.154516,52.446598],[13.157958,52.44938],[13.161727,52.452135],[13.166061,52.454003],[13.17085,52.456116],[13.177413,52.455917],[13.181216,52.459625],[13.185305,52.462579],[13.186364,52.465639],[13.18817,52.471837],[13.188295,52.474084],[13.187248,52.478654],[13.190167,52.482619],[13.189812,52.484335],[13.187149,52.487128],[13.186597,52.489292],[13.187549,52.49121],[13.189534,52.492934],[13.189455,52.494982],[13.18984,52.497546],[13.191699,52.498676],[13.195208,52.49974],[13.19908,52.49988],[13.205132,52.501348],[13.209727,52.50291],[13.209347,52.504301],[13.208764,52.505046],[13.20933,52.505875],[13.210496,52.5072],[13.211014,52.508523],[13.211862,52.509347],[13.212323,52.509244],[13.212789,52.509186],[13.212801,52.509209],[13.213231,52.509097],[13.213836,52.50909],[13.214085,52.509101],[13.214242,52.509151],[13.214464,52.509274],[13.214546,52.509369],[13.215583,52.50916],[13.215693,52.509365],[13.21498,52.509509]]]}},{"type":"Feature","properties":{"name":"Steglitz-Zehlendorf","title":"Steglitz-Zehlendorf","description":"Berlin administrative district: Steglitz-Zehlendorf","category":"Berlin district","official_id":"11000006","municipality_key":"006","state":"Berlin","state_key":"11","source":"Berlin ALKIS district boundaries","stroke":"#475569","stroke-width":2,"stroke-opacity":0.8,"fill":"#94a3b8","fill-opacity":0.04},"geometry":{"type":"Polygon","coordinates":[[[13.342936,52.411727],[13.343068,52.412237],[13.343098,52.4126],[13.343082,52.413035],[13.343098,52.4133],[13.343051,52.413473],[13.342742,52.414167],[13.345471,52.415255],[13.345833,52.415195],[13.345974,52.415442],[13.348323,52.416225],[13.350814,52.416975],[13.352399,52.417608],[13.353577,52.41802],[13.354739,52.418352],[13.355217,52.418508],[13.358954,52.419868],[13.35927,52.419944],[13.359184,52.420067],[13.360291,52.420575],[13.363204,52.421411],[13.363446,52.421514],[13.363605,52.421644],[13.364011,52.422144],[13.364162,52.422308],[13.367918,52.427611],[13.368107,52.427565],[13.368256,52.427553],[13.368405,52.427567],[13.368545,52.427608],[13.371154,52.428797],[13.371102,52.428891],[13.371595,52.429117],[13.371492,52.42929],[13.371207,52.4299],[13.370673,52.430778],[13.36976,52.43215],[13.369442,52.432654],[13.369194,52.433074],[13.36907,52.433335],[13.368844,52.433708],[13.368839,52.433682],[13.367519,52.435848],[13.367246,52.436346],[13.367067,52.436795],[13.366132,52.43848],[13.365628,52.4393],[13.365243,52.439861],[13.364877,52.440448],[13.364101,52.441729],[13.363479,52.442807],[13.363413,52.442816],[13.363114,52.443313],[13.363137,52.443325],[13.362632,52.44417],[13.362422,52.444598],[13.362381,52.444573],[13.362118,52.445106],[13.361488,52.446238],[13.361322,52.44646],[13.361114,52.446817],[13.361205,52.446849],[13.361072,52.446979],[13.361013,52.447089],[13.36095,52.447113],[13.360862,52.447319],[13.360612,52.447742],[13.360182,52.448576],[13.359857,52.449165],[13.359717,52.4494],[13.359465,52.449689],[13.358961,52.45062],[13.358761,52.450882],[13.358629,52.451008],[13.358498,52.451255],[13.358439,52.451424],[13.358218,52.451819],[13.35793,52.452291],[13.357911,52.452282],[13.357635,52.452713],[13.357258,52.453327],[13.357293,52.453449],[13.356903,52.454032],[13.356907,52.454094],[13.356689,52.454444],[13.3564,52.454966],[13.356249,52.455274],[13.356119,52.455612],[13.355263,52.455653],[13.3542,52.455642],[13.354185,52.455875],[13.354075,52.455999],[13.353853,52.456338],[13.353683,52.456701],[13.353301,52.457024],[13.352947,52.457124],[13.352476,52.457076],[13.351991,52.456895],[13.351457,52.456766],[13.350929,52.456725],[13.350893,52.456619],[13.349639,52.456769],[13.349078,52.456775],[13.349044,52.458765],[13.348397,52.458765],[13.348339,52.458801],[13.348085,52.458823],[13.347881,52.458865],[13.347559,52.45899],[13.347821,52.459246],[13.344956,52.461719],[13.344599,52.461912],[13.34311,52.462982],[13.342865,52.463139],[13.338906,52.465564],[13.338773,52.466569],[13.338482,52.466383],[13.337906,52.466642],[13.337299,52.46699],[13.336856,52.46719],[13.336274,52.467417],[13.335857,52.467015],[13.334832,52.466201],[13.334666,52.466277],[13.331411,52.465857],[13.330629,52.465152],[13.330601,52.465224],[13.329696,52.465536],[13.329668,52.465505],[13.329437,52.465585],[13.329365,52.465573],[13.328164,52.464333],[13.32787,52.464501],[13.320993,52.466963],[13.311389,52.467125],[13.311125,52.467105],[13.310897,52.467054],[13.310661,52.466957],[13.310654,52.466902],[13.310131,52.467123],[13.309098,52.467715],[13.308566,52.467422],[13.308367,52.467555],[13.308333,52.467534],[13.307477,52.46788],[13.306333,52.467414],[13.306367,52.46749],[13.297808,52.468879],[13.296293,52.469182],[13.290176,52.47033],[13.29015,52.470127],[13.289885,52.469892],[13.289083,52.470529],[13.28313,52.46924],[13.281092,52.468849],[13.278725,52.468537],[13.278683,52.468511],[13.278687,52.46861],[13.278332,52.46857],[13.278334,52.468639],[13.273372,52.468056],[13.268814,52.467544],[13.266613,52.467307],[13.266389,52.467348],[13.266117,52.467243],[13.264861,52.467092],[13.264277,52.467001],[13.263548,52.466952],[13.263113,52.46698],[13.262743,52.467045],[13.262596,52.467112],[13.262315,52.467173],[13.262324,52.467223],[13.262202,52.467316],[13.262097,52.467312],[13.262052,52.467347],[13.262154,52.467396],[13.261626,52.467773],[13.260856,52.467399],[13.260806,52.467364],[13.26059,52.46713],[13.260422,52.467006],[13.260282,52.46693],[13.260025,52.466841],[13.259777,52.466731],[13.259476,52.46666],[13.259093,52.466499],[13.255609,52.466752],[13.254785,52.466779],[13.254329,52.466778],[13.253493,52.466726],[13.253109,52.466722],[13.252631,52.466747],[13.251836,52.46686],[13.250862,52.467036],[13.247815,52.467542],[13.247352,52.467714],[13.247201,52.467701],[13.246751,52.467738],[13.245525,52.467934],[13.244115,52.468182],[13.24382,52.468248],[13.243042,52.468356],[13.242702,52.468437],[13.242008,52.468563],[13.241271,52.468655],[13.239038,52.469041],[13.239046,52.469057],[13.238349,52.469194],[13.238335,52.46917],[13.238067,52.469205],[13.236681,52.469445],[13.235102,52.469661],[13.234272,52.469962],[13.233878,52.470121],[13.232719,52.470412],[13.23147,52.470756],[13.230209,52.470748],[13.228683,52.470491],[13.226785,52.47036],[13.225522,52.470127],[13.223776,52.469986],[13.223573,52.470019],[13.221592,52.469978],[13.220147,52.470064],[13.219422,52.470038],[13.218064,52.470067],[13.21654,52.470123],[13.216159,52.470098],[13.215099,52.46993],[13.214229,52.469822],[13.21323,52.469531],[13.212348,52.469563],[13.211475,52.469439],[13.210169,52.469714],[13.209104,52.469817],[13.20822,52.469937],[13.207711,52.470023],[13.206463,52.470311],[13.205765,52.47043],[13.205097,52.470523],[13.204574,52.470527],[13.204135,52.470491],[13.203732,52.470498],[13.20355,52.470471],[13.202741,52.470248],[13.202212,52.470158],[13.201692,52.46996],[13.201561,52.469867],[13.200904,52.469231],[13.200749,52.469099],[13.200639,52.469045],[13.200315,52.468984],[13.199705,52.468815],[13.1994,52.468764],[13.199152,52.468746],[13.198977,52.468767],[13.198091,52.469013],[13.197928,52.469135],[13.197726,52.469356],[13.197619,52.469732],[13.19766,52.470112],[13.197721,52.470346],[13.197576,52.47064],[13.196996,52.47117],[13.196622,52.471341],[13.196368,52.471345],[13.195232,52.471249],[13.19456,52.470978],[13.193912,52.471087],[13.18817,52.471837],[13.186364,52.465639],[13.185305,52.462579],[13.181216,52.459625],[13.177413,52.455917],[13.17085,52.456116],[13.166061,52.454003],[13.161727,52.452135],[13.157958,52.44938],[13.154516,52.446598],[13.148521,52.443374],[13.13609,52.44238],[13.133272,52.442088],[13.131724,52.441101],[13.130806,52.441414],[13.129483,52.44131],[13.128046,52.440962],[13.126882,52.441146],[13.12412,52.440676],[13.123121,52.439615],[13.123153,52.438709],[13.122142,52.437878],[13.117218,52.436164],[13.113931,52.432966],[13.112074,52.43231],[13.112783,52.429196],[13.108022,52.426661],[13.106916,52.425646],[13.105409,52.425283],[13.104568,52.423983],[13.103487,52.424302],[13.101601,52.424636],[13.100949,52.425163],[13.099976,52.425448],[13.099314,52.425344],[13.0984,52.424889],[13.098088,52.424074],[13.097724,52.423466],[13.095839,52.421974],[13.088348,52.419631],[13.090211,52.413549],[13.090188,52.412731],[13.090275,52.412214],[13.090768,52.41156],[13.092124,52.411242],[13.093412,52.410537],[13.097392,52.40942],[13.097982,52.409881],[13.097975,52.40994],[13.098333,52.410062],[13.098408,52.410105],[13.098613,52.410271],[13.098639,52.410261],[13.098702,52.41033],[13.098547,52.410389],[13.098582,52.410425],[13.098557,52.410438],[13.098551,52.410461],[13.09861,52.410515],[13.098671,52.410511],[13.098917,52.410748],[13.098976,52.410853],[13.098977,52.41096],[13.098936,52.411045],[13.098853,52.411119],[13.097718,52.411623],[13.097653,52.411626],[13.097587,52.411655],[13.097561,52.411691],[13.097529,52.411705],[13.097592,52.411742],[13.097557,52.411768],[13.09761,52.411782],[13.09645,52.413089],[13.096812,52.413202],[13.097856,52.413393],[13.098051,52.413405],[13.098179,52.413443],[13.099111,52.413606],[13.100312,52.413785],[13.100569,52.413795],[13.100859,52.413761],[13.100752,52.413345],[13.10073,52.41299],[13.100976,52.412186],[13.101122,52.411577],[13.101046,52.411053],[13.10097,52.410682],[13.101003,52.410539],[13.104626,52.409743],[13.105124,52.409898],[13.105915,52.409549],[13.106187,52.409562],[13.106549,52.409606],[13.106769,52.409676],[13.107019,52.409815],[13.107105,52.409903],[13.107141,52.409993],[13.107155,52.410683],[13.107203,52.411086],[13.107418,52.412088],[13.107392,52.412294],[13.107304,52.412718],[13.107124,52.413099],[13.107106,52.413181],[13.107256,52.413314],[13.107356,52.413283],[13.10778,52.413333],[13.109624,52.412941],[13.110137,52.411286],[13.111512,52.411413],[13.111797,52.41048],[13.110425,52.410352],[13.110665,52.409573],[13.110592,52.409567],[13.110631,52.409443],[13.108506,52.409243],[13.106936,52.409488],[13.106766,52.409244],[13.106554,52.408768],[13.10644,52.408776],[13.106383,52.40869],[13.106794,52.408664],[13.10861,52.408476],[13.109267,52.408179],[13.10926,52.408161],[13.10945,52.408048],[13.109306,52.407931],[13.108325,52.407256],[13.109694,52.406536],[13.111103,52.405298],[13.111204,52.40451],[13.111819,52.403986],[13.116337,52.402323],[13.11775,52.402119],[13.118464,52.401281],[13.120232,52.399849],[13.122003,52.398546],[13.124206,52.397275],[13.124781,52.396869],[13.125661,52.396662],[13.126923,52.396571],[13.127424,52.39664],[13.128463,52.396945],[13.132523,52.398663],[13.133509,52.399366],[13.134956,52.398596],[13.136637,52.398131],[13.138103,52.397856],[13.138044,52.397683],[13.136143,52.397504],[13.13513,52.397374],[13.135712,52.396175],[13.136998,52.396178],[13.137438,52.396147],[13.13726,52.396025],[13.137499,52.396019],[13.137794,52.396134],[13.138587,52.3961],[13.138368,52.395979],[13.13895,52.395992],[13.138229,52.395703],[13.136242,52.394646],[13.134493,52.393686],[13.133878,52.393302],[13.131746,52.391799],[13.131569,52.391793],[13.131491,52.391882],[13.1313,52.391728],[13.131318,52.391726],[13.131322,52.39168],[13.131533,52.391731],[13.130167,52.390497],[13.129852,52.390696],[13.130859,52.391691],[13.131034,52.391633],[13.131223,52.391787],[13.131202,52.39179],[13.131198,52.391836],[13.130927,52.391756],[13.129383,52.391724],[13.129375,52.391654],[13.127294,52.391608],[13.126734,52.389584],[13.130753,52.387379],[13.131085,52.387252],[13.131305,52.387225],[13.131444,52.387469],[13.131541,52.387497],[13.131986,52.387517],[13.133181,52.387305],[13.133979,52.388736],[13.133744,52.388747],[13.133299,52.388649],[13.132874,52.388743],[13.132569,52.38893],[13.131896,52.389398],[13.130374,52.390366],[13.132078,52.391758],[13.134085,52.393175],[13.134708,52.393563],[13.136425,52.394507],[13.138393,52.395553],[13.140426,52.396374],[13.141818,52.3971],[13.141987,52.396961],[13.143204,52.397248],[13.143282,52.396726],[13.143134,52.396673],[13.143859,52.396139],[13.145739,52.395503],[13.150021,52.395089],[13.15329,52.39484],[13.158869,52.393939],[13.167961,52.394392],[13.168769,52.394396],[13.171757,52.395642],[13.171309,52.397582],[13.171166,52.397827],[13.170836,52.397744],[13.169316,52.397448],[13.16874,52.397358],[13.166988,52.397175],[13.16413,52.396917],[13.161248,52.396627],[13.157796,52.396356],[13.157917,52.396898],[13.157783,52.397227],[13.157945,52.397558],[13.158435,52.398265],[13.158773,52.3989],[13.159223,52.399542],[13.159389,52.399907],[13.159322,52.400406],[13.159314,52.401116],[13.159234,52.402775],[13.159357,52.402812],[13.159351,52.402859],[13.164618,52.404612],[13.167335,52.405552],[13.173041,52.407428],[13.189266,52.412851],[13.191523,52.41362],[13.196663,52.415312],[13.196663,52.415345],[13.197246,52.415538],[13.199444,52.41541],[13.200328,52.415519],[13.201203,52.415525],[13.204526,52.415835],[13.206446,52.416173],[13.209713,52.416799],[13.211011,52.417116],[13.212019,52.417404],[13.213038,52.417778],[13.213547,52.417843],[13.214226,52.418041],[13.214885,52.418298],[13.216384,52.41883],[13.217092,52.419169],[13.218045,52.419305],[13.219279,52.419629],[13.221414,52.420121],[13.223592,52.420769],[13.223659,52.420668],[13.22506,52.421078],[13.225261,52.420917],[13.225266,52.420838],[13.226475,52.420828],[13.227286,52.420724],[13.229242,52.420522],[13.231965,52.42038],[13.233141,52.420343],[13.233822,52.420518],[13.235633,52.420871],[13.237621,52.420797],[13.241037,52.420925],[13.24501,52.421112],[13.245952,52.421175],[13.247146,52.4189],[13.247449,52.417309],[13.247519,52.417247],[13.247998,52.415798],[13.247953,52.41568],[13.248046,52.415362],[13.248329,52.414572],[13.248415,52.414281],[13.248483,52.41396],[13.248507,52.413945],[13.248991,52.411959],[13.249036,52.411764],[13.249038,52.411308],[13.248984,52.40896],[13.248971,52.40883],[13.24874,52.408408],[13.24915,52.407904],[13.249273,52.407445],[13.249417,52.406637],[13.249443,52.406571],[13.249675,52.405384],[13.249781,52.404982],[13.251173,52.405499],[13.25164,52.405646],[13.252185,52.405794],[13.253309,52.406035],[13.254505,52.406215],[13.255844,52.406322],[13.257134,52.406401],[13.258057,52.406395],[13.258969,52.406336],[13.259317,52.406295],[13.260274,52.406137],[13.260865,52.406001],[13.261366,52.405859],[13.263599,52.404993],[13.264104,52.404845],[13.264627,52.404715],[13.265933,52.404441],[13.266965,52.404283],[13.267288,52.404291],[13.268504,52.404239],[13.269254,52.404234],[13.270059,52.404189],[13.270922,52.404217],[13.271998,52.404317],[13.272657,52.404481],[13.274198,52.40479],[13.274818,52.404959],[13.275817,52.405198],[13.277074,52.405828],[13.280351,52.407365],[13.29017,52.41282],[13.29037,52.412982],[13.293225,52.414561],[13.295534,52.415752],[13.296753,52.416253],[13.297092,52.415777],[13.297095,52.41546],[13.296958,52.41505],[13.296724,52.414742],[13.296352,52.414592],[13.295933,52.414504],[13.296236,52.414229],[13.296254,52.414185],[13.297554,52.412915],[13.29866,52.411921],[13.301118,52.409651],[13.303789,52.407283],[13.307711,52.403532],[13.308369,52.402881],[13.3096,52.401564],[13.31129,52.399955],[13.311996,52.399199],[13.312064,52.399105],[13.313811,52.400452],[13.314137,52.400619],[13.316295,52.401474],[13.318361,52.402325],[13.318498,52.402399],[13.318999,52.402594],[13.320845,52.403243],[13.326935,52.405589],[13.328996,52.406331],[13.333838,52.408136],[13.335519,52.408743],[13.338903,52.410027],[13.342213,52.41134],[13.343347,52.411722],[13.342936,52.411727]]]}},{"type":"Feature","properties":{"name":"Tempelhof-Schöneberg","title":"Tempelhof-Schöneberg","description":"Berlin administrative district: Tempelhof-Schöneberg","category":"Berlin district","official_id":"11000007","municipality_key":"007","state":"Berlin","state_key":"11","source":"Berlin ALKIS district boundaries","stroke":"#475569","stroke-width":2,"stroke-opacity":0.8,"fill":"#94a3b8","fill-opacity":0.04},"geometry":{"type":"Polygon","coordinates":[[[13.3873,52.388574],[13.38798,52.384262],[13.388225,52.382131],[13.388085,52.381732],[13.388241,52.38103],[13.388233,52.380734],[13.388139,52.380305],[13.388096,52.379989],[13.38809,52.37936],[13.388125,52.379119],[13.388239,52.378783],[13.388432,52.377862],[13.391713,52.377753],[13.395127,52.37761],[13.395167,52.377656],[13.397119,52.377584],[13.399551,52.377402],[13.40072,52.377334],[13.404019,52.376996],[13.404723,52.376942],[13.406116,52.376908],[13.407185,52.376849],[13.409105,52.376636],[13.409889,52.376585],[13.412835,52.376878],[13.412643,52.37641],[13.420813,52.37614],[13.421107,52.376623],[13.422031,52.378016],[13.427457,52.385782],[13.427446,52.386176],[13.427418,52.386435],[13.426984,52.387844],[13.426662,52.38854],[13.425831,52.390583],[13.423859,52.394956],[13.421009,52.401209],[13.418419,52.407078],[13.418289,52.407931],[13.418296,52.407994],[13.418481,52.409253],[13.418748,52.409979],[13.419584,52.410184],[13.419677,52.410491],[13.418161,52.410798],[13.414267,52.412314],[13.413014,52.412663],[13.411486,52.413139],[13.410584,52.41332],[13.409949,52.413391],[13.40847,52.41344],[13.407561,52.413401],[13.406005,52.413235],[13.402505,52.412711],[13.399497,52.418019],[13.400121,52.418774],[13.404815,52.420003],[13.405468,52.421764],[13.402601,52.422161],[13.403646,52.423522],[13.40416,52.424242],[13.405179,52.425555],[13.405373,52.425834],[13.405763,52.426461],[13.406095,52.427115],[13.406336,52.427808],[13.406542,52.428641],[13.406768,52.429891],[13.406867,52.430139],[13.407675,52.431335],[13.408287,52.432291],[13.408606,52.43273],[13.408868,52.433182],[13.408967,52.433483],[13.409022,52.433774],[13.409158,52.434211],[13.409695,52.435004],[13.41038,52.436144],[13.410442,52.437016],[13.410568,52.437453],[13.410841,52.438127],[13.411175,52.438891],[13.412376,52.442032],[13.413985,52.445945],[13.414579,52.446736],[13.414767,52.447011],[13.414998,52.44807],[13.415105,52.448475],[13.415732,52.449267],[13.415946,52.450169],[13.416078,52.450825],[13.416837,52.45224],[13.417683,52.452202],[13.418847,52.453698],[13.419319,52.454244],[13.419658,52.454681],[13.420774,52.456304],[13.421197,52.456752],[13.421393,52.456712],[13.422115,52.456664],[13.423529,52.456614],[13.424947,52.456598],[13.425658,52.456625],[13.42657,52.4567],[13.42498,52.457703],[13.424616,52.457898],[13.420608,52.459368],[13.421425,52.460655],[13.423233,52.460404],[13.423009,52.461319],[13.421972,52.461516],[13.422031,52.461608],[13.42205,52.461887],[13.42214,52.462512],[13.422097,52.462722],[13.4219,52.462867],[13.42171,52.463497],[13.421621,52.465301],[13.421542,52.465839],[13.41688,52.465396],[13.41578,52.47031],[13.413488,52.478709],[13.410939,52.477903],[13.410885,52.477724],[13.40689,52.478175],[13.406623,52.478234],[13.406802,52.478862],[13.40624,52.480157],[13.406063,52.480986],[13.406152,52.481229],[13.406251,52.481978],[13.406277,52.481976],[13.406395,52.482771],[13.403286,52.483424],[13.401892,52.483648],[13.40046,52.483813],[13.400229,52.483905],[13.394639,52.484028],[13.394518,52.484105],[13.39424,52.484105],[13.394253,52.485772],[13.386291,52.485827],[13.386269,52.484864],[13.371569,52.484951],[13.371662,52.485121],[13.371606,52.485121],[13.371643,52.485184],[13.374021,52.48517],[13.374159,52.487158],[13.374164,52.487711],[13.373502,52.487746],[13.373536,52.487982],[13.374731,52.48938],[13.375399,52.489432],[13.375475,52.490456],[13.376404,52.491433],[13.376434,52.491676],[13.371069,52.492757],[13.371077,52.492913],[13.369238,52.493281],[13.369164,52.49314],[13.368215,52.493331],[13.368357,52.493545],[13.368581,52.493956],[13.368413,52.494482],[13.368678,52.497385],[13.369601,52.498109],[13.369728,52.498775],[13.369528,52.49887],[13.369321,52.498709],[13.363044,52.499562],[13.362538,52.499663],[13.357519,52.501105],[13.356571,52.501335],[13.356551,52.501303],[13.355313,52.501603],[13.355332,52.501635],[13.354405,52.50186],[13.354202,52.501909],[13.354181,52.501878],[13.347009,52.50361],[13.344692,52.504081],[13.341421,52.504868],[13.337145,52.500907],[13.336978,52.500691],[13.338923,52.499913],[13.338823,52.499744],[13.33899,52.499417],[13.338085,52.497871],[13.337974,52.497642],[13.33788,52.497383],[13.33782,52.497392],[13.337307,52.495986],[13.337385,52.495982],[13.337378,52.495853],[13.337284,52.495857],[13.337343,52.494785],[13.337435,52.494787],[13.337457,52.494189],[13.337447,52.494072],[13.337349,52.494076],[13.337101,52.492288],[13.337197,52.4923],[13.337087,52.49101],[13.337533,52.490716],[13.337326,52.490483],[13.337021,52.490413],[13.336966,52.490374],[13.336922,52.490095],[13.336896,52.489688],[13.336912,52.48967],[13.336966,52.489663],[13.336971,52.489418],[13.336902,52.489409],[13.336929,52.489095],[13.336979,52.488781],[13.337046,52.488489],[13.337131,52.488435],[13.33721,52.488062],[13.337151,52.488036],[13.337145,52.487904],[13.337134,52.487904],[13.337053,52.485921],[13.337123,52.485917],[13.337174,52.485674],[13.337089,52.485679],[13.337119,52.482528],[13.337203,52.482529],[13.337048,52.482088],[13.337052,52.480708],[13.337164,52.480356],[13.337164,52.480122],[13.337061,52.479881],[13.337068,52.478132],[13.332986,52.477847],[13.332985,52.477798],[13.332943,52.477798],[13.332941,52.477721],[13.332873,52.477719],[13.332868,52.477415],[13.328653,52.477442],[13.32832,52.477428],[13.327089,52.477465],[13.324323,52.477482],[13.322419,52.47749],[13.320428,52.477471],[13.320143,52.470745],[13.320224,52.470744],[13.320205,52.470587],[13.320217,52.470587],[13.320215,52.470542],[13.320281,52.4705],[13.320248,52.470479],[13.320255,52.470441],[13.320527,52.470265],[13.320521,52.47013],[13.320251,52.46997],[13.320262,52.469947],[13.320227,52.469927],[13.320255,52.4699],[13.320186,52.469859],[13.320183,52.469801],[13.320169,52.469801],[13.320167,52.469761],[13.32014,52.469761],[13.320137,52.469718],[13.320096,52.469629],[13.319983,52.46698],[13.320993,52.466963],[13.32787,52.464501],[13.328164,52.464333],[13.329365,52.465573],[13.329437,52.465585],[13.329668,52.465505],[13.329696,52.465536],[13.330601,52.465224],[13.330629,52.465152],[13.331411,52.465857],[13.334666,52.466277],[13.334832,52.466201],[13.335857,52.467015],[13.336274,52.467417],[13.336856,52.46719],[13.337299,52.46699],[13.337906,52.466642],[13.338482,52.466383],[13.338773,52.466569],[13.338906,52.465564],[13.342865,52.463139],[13.34311,52.462982],[13.344599,52.461912],[13.344956,52.461719],[13.347821,52.459246],[13.347559,52.45899],[13.347881,52.458865],[13.348085,52.458823],[13.348339,52.458801],[13.348397,52.458765],[13.349044,52.458765],[13.349078,52.456775],[13.349639,52.456769],[13.350893,52.456619],[13.350929,52.456725],[13.351457,52.456766],[13.351991,52.456895],[13.352476,52.457076],[13.352947,52.457124],[13.353301,52.457024],[13.353683,52.456701],[13.353853,52.456338],[13.354075,52.455999],[13.354185,52.455875],[13.3542,52.455642],[13.355263,52.455653],[13.356119,52.455612],[13.356249,52.455274],[13.3564,52.454966],[13.356689,52.454444],[13.356907,52.454094],[13.356903,52.454032],[13.357293,52.453449],[13.357258,52.453327],[13.357635,52.452713],[13.357911,52.452282],[13.35793,52.452291],[13.358218,52.451819],[13.358439,52.451424],[13.358498,52.451255],[13.358629,52.451008],[13.358761,52.450882],[13.358961,52.45062],[13.359465,52.449689],[13.359717,52.4494],[13.359857,52.449165],[13.360182,52.448576],[13.360612,52.447742],[13.360862,52.447319],[13.36095,52.447113],[13.361013,52.447089],[13.361072,52.446979],[13.361205,52.446849],[13.361114,52.446817],[13.361322,52.44646],[13.361488,52.446238],[13.362118,52.445106],[13.362381,52.444573],[13.362422,52.444598],[13.362632,52.44417],[13.363137,52.443325],[13.363114,52.443313],[13.363413,52.442816],[13.363479,52.442807],[13.364101,52.441729],[13.364877,52.440448],[13.365243,52.439861],[13.365628,52.4393],[13.366132,52.43848],[13.367067,52.436795],[13.367246,52.436346],[13.367519,52.435848],[13.368839,52.433682],[13.368844,52.433708],[13.36907,52.433335],[13.369194,52.433074],[13.369442,52.432654],[13.36976,52.43215],[13.370673,52.430778],[13.371207,52.4299],[13.371492,52.42929],[13.371595,52.429117],[13.371102,52.428891],[13.371154,52.428797],[13.368545,52.427608],[13.368405,52.427567],[13.368256,52.427553],[13.368107,52.427565],[13.367918,52.427611],[13.364162,52.422308],[13.363591,52.421628],[13.363402,52.42149],[13.363204,52.421411],[13.360291,52.420575],[13.359184,52.420067],[13.35927,52.419944],[13.358954,52.419868],[13.355217,52.418508],[13.354739,52.418352],[13.353577,52.41802],[13.352399,52.417608],[13.350814,52.416975],[13.348323,52.416225],[13.345974,52.415442],[13.345833,52.415195],[13.345471,52.415255],[13.342742,52.414167],[13.343051,52.413473],[13.343098,52.4133],[13.343082,52.413035],[13.343098,52.4126],[13.343068,52.412237],[13.342936,52.411727],[13.343347,52.411722],[13.343297,52.410872],[13.343058,52.407686],[13.347908,52.404704],[13.349481,52.403702],[13.350832,52.402903],[13.352531,52.402088],[13.354425,52.400965],[13.356379,52.400058],[13.357323,52.399599],[13.359366,52.39847],[13.359955,52.398235],[13.360615,52.398002],[13.362439,52.397222],[13.364221,52.396677],[13.371951,52.393797],[13.370355,52.388427],[13.370928,52.388416],[13.375151,52.388193],[13.37785,52.388146],[13.378702,52.388157],[13.383426,52.388364],[13.385104,52.388444],[13.3873,52.388574]]]}},{"type":"Feature","properties":{"name":"Neukölln","title":"Neukölln","description":"Berlin administrative district: Neukölln","category":"Berlin district","official_id":"11000008","municipality_key":"008","state":"Berlin","state_key":"11","source":"Berlin ALKIS district boundaries","stroke":"#475569","stroke-width":2,"stroke-opacity":0.8,"fill":"#94a3b8","fill-opacity":0.04},"geometry":{"type":"Polygon","coordinates":[[[13.456067,52.484254],[13.450445,52.487149],[13.450327,52.487086],[13.448727,52.488027],[13.44866,52.487983],[13.446763,52.488955],[13.444444,52.487458],[13.439657,52.489909],[13.439634,52.489695],[13.439616,52.489693],[13.439628,52.489659],[13.439264,52.48961],[13.439253,52.489644],[13.439234,52.489641],[13.439228,52.489661],[13.438271,52.490376],[13.430401,52.492877],[13.422619,52.495408],[13.422084,52.495557],[13.421534,52.495686],[13.421112,52.495766],[13.420486,52.495859],[13.420401,52.495864],[13.420789,52.495476],[13.424198,52.49004],[13.424877,52.48894],[13.424862,52.488932],[13.424867,52.488907],[13.424901,52.488901],[13.425411,52.488085],[13.424938,52.487784],[13.424024,52.486681],[13.423682,52.486358],[13.421298,52.487054],[13.420843,52.487168],[13.407886,52.488861],[13.40772,52.488752],[13.407843,52.488487],[13.407906,52.488479],[13.408529,52.487142],[13.407114,52.485824],[13.406978,52.485663],[13.406891,52.48553],[13.406823,52.485393],[13.406765,52.485215],[13.406277,52.481976],[13.406251,52.481978],[13.406152,52.481229],[13.406063,52.480986],[13.40624,52.480157],[13.406802,52.478862],[13.406623,52.478234],[13.40689,52.478175],[13.410885,52.477724],[13.410939,52.477903],[13.413488,52.478709],[13.41578,52.47031],[13.41688,52.465396],[13.421542,52.465839],[13.421621,52.465301],[13.42171,52.463497],[13.4219,52.462867],[13.422097,52.462722],[13.42214,52.462512],[13.42205,52.461887],[13.422031,52.461608],[13.421972,52.461516],[13.423009,52.461319],[13.423233,52.460404],[13.421425,52.460655],[13.420608,52.459368],[13.424616,52.457898],[13.42498,52.457703],[13.42657,52.4567],[13.425658,52.456625],[13.424947,52.456598],[13.423529,52.456614],[13.422115,52.456664],[13.421393,52.456712],[13.421197,52.456752],[13.420774,52.456304],[13.419658,52.454681],[13.419319,52.454244],[13.418847,52.453698],[13.417683,52.452202],[13.416837,52.45224],[13.416078,52.450825],[13.415946,52.450169],[13.415732,52.449267],[13.415105,52.448475],[13.414998,52.44807],[13.414767,52.447011],[13.414579,52.446736],[13.413985,52.445945],[13.412376,52.442032],[13.411175,52.438891],[13.410841,52.438127],[13.410568,52.437453],[13.410442,52.437016],[13.41038,52.436144],[13.409695,52.435004],[13.409158,52.434211],[13.409022,52.433774],[13.408967,52.433483],[13.408868,52.433182],[13.408606,52.43273],[13.408287,52.432291],[13.407675,52.431335],[13.406867,52.430139],[13.406768,52.429891],[13.406542,52.428641],[13.406336,52.427808],[13.406095,52.427115],[13.405763,52.426461],[13.405373,52.425834],[13.405179,52.425555],[13.40416,52.424242],[13.403646,52.423522],[13.402601,52.422161],[13.405468,52.421764],[13.404815,52.420003],[13.400121,52.418774],[13.399497,52.418019],[13.402505,52.412711],[13.406005,52.413235],[13.407561,52.413401],[13.40847,52.41344],[13.409949,52.413391],[13.410584,52.41332],[13.411486,52.413139],[13.413014,52.412663],[13.414267,52.412314],[13.418161,52.410798],[13.419677,52.410491],[13.419584,52.410184],[13.42081,52.410365],[13.421778,52.410533],[13.423119,52.410842],[13.424696,52.411254],[13.427954,52.411893],[13.430333,52.412285],[13.430353,52.412254],[13.431932,52.412515],[13.435357,52.413565],[13.438673,52.414424],[13.438914,52.414453],[13.440612,52.414822],[13.441567,52.415073],[13.443235,52.415593],[13.447056,52.416685],[13.447903,52.417159],[13.4495,52.417696],[13.451973,52.41849],[13.453238,52.418961],[13.454685,52.419454],[13.457223,52.420093],[13.458947,52.420482],[13.45946,52.42057],[13.463548,52.42108],[13.468018,52.420033],[13.468263,52.4195],[13.468781,52.418275],[13.469514,52.416858],[13.470524,52.415031],[13.471011,52.414062],[13.471905,52.412566],[13.472694,52.411358],[13.473124,52.410661],[13.474115,52.40879],[13.474168,52.40865],[13.47582,52.40624],[13.475983,52.405945],[13.476301,52.405269],[13.476435,52.40502],[13.476709,52.404578],[13.476779,52.404442],[13.476846,52.404259],[13.477034,52.403992],[13.477561,52.403495],[13.47761,52.403429],[13.477641,52.403325],[13.477605,52.403056],[13.477608,52.402718],[13.477654,52.402654],[13.478126,52.401591],[13.478297,52.401266],[13.478619,52.400745],[13.478777,52.400417],[13.478952,52.39998],[13.478982,52.399846],[13.479054,52.399199],[13.479173,52.398579],[13.47976,52.395945],[13.481283,52.396361],[13.483548,52.396937],[13.485638,52.397266],[13.486478,52.397416],[13.486743,52.397451],[13.490559,52.397758],[13.492847,52.398205],[13.495029,52.398569],[13.497544,52.398811],[13.500709,52.399329],[13.505745,52.399906],[13.508169,52.400265],[13.51169,52.400807],[13.513025,52.401047],[13.514038,52.40126],[13.51464,52.401433],[13.516003,52.401788],[13.515985,52.402186],[13.51698,52.402839],[13.516652,52.403334],[13.517547,52.403863],[13.51877,52.404664],[13.519331,52.40494],[13.519053,52.405123],[13.520707,52.406293],[13.520595,52.406405],[13.520976,52.406679],[13.521666,52.407293],[13.521789,52.407442],[13.522243,52.408322],[13.522339,52.408544],[13.523207,52.410813],[13.522934,52.411041],[13.52348,52.41167],[13.523014,52.412135],[13.523446,52.412422],[13.523227,52.412654],[13.523598,52.413173],[13.524063,52.413592],[13.522627,52.414154],[13.522587,52.414323],[13.522261,52.41443],[13.522961,52.41545],[13.522499,52.416255],[13.522222,52.416922],[13.522143,52.417226],[13.522131,52.417351],[13.522133,52.417871],[13.522156,52.418297],[13.522123,52.418432],[13.520845,52.419543],[13.520648,52.42019],[13.520504,52.420836],[13.520181,52.421027],[13.519913,52.421347],[13.519483,52.421424],[13.518801,52.422132],[13.518651,52.422255],[13.518438,52.42291],[13.519606,52.424631],[13.519576,52.424712],[13.519562,52.424713],[13.520233,52.425727],[13.520427,52.426091],[13.520507,52.426559],[13.519996,52.426717],[13.519767,52.426754],[13.517119,52.426896],[13.515889,52.426989],[13.514406,52.427164],[13.51342,52.427315],[13.512698,52.427444],[13.511397,52.427713],[13.509757,52.428156],[13.508689,52.428497],[13.507147,52.429073],[13.50597,52.429596],[13.498536,52.433205],[13.498358,52.433259],[13.497974,52.433337],[13.497768,52.433427],[13.497804,52.43345],[13.497531,52.43357],[13.497216,52.433828],[13.497088,52.433909],[13.495001,52.434921],[13.494582,52.435029],[13.494441,52.435081],[13.489452,52.437507],[13.489358,52.43756],[13.489201,52.437717],[13.489063,52.437808],[13.48481,52.439874],[13.484636,52.439937],[13.484275,52.440024],[13.484203,52.440057],[13.47907,52.442568],[13.478547,52.442805],[13.478498,52.442805],[13.478403,52.442869],[13.478161,52.443104],[13.478089,52.443146],[13.476676,52.443835],[13.476539,52.443884],[13.47627,52.443941],[13.476119,52.443996],[13.466142,52.448829],[13.465615,52.449102],[13.465165,52.449358],[13.464348,52.449878],[13.463762,52.450312],[13.463497,52.450571],[13.463009,52.451124],[13.46294,52.451147],[13.462859,52.451123],[13.462749,52.451235],[13.462666,52.451203],[13.462564,52.451508],[13.462211,52.451951],[13.461783,52.452556],[13.461708,52.452646],[13.461468,52.452839],[13.461406,52.45291],[13.459014,52.456472],[13.458905,52.456578],[13.457545,52.458279],[13.457286,52.458671],[13.457188,52.458852],[13.45698,52.459108],[13.456975,52.459153],[13.456995,52.459196],[13.45704,52.459232],[13.457123,52.459257],[13.45723,52.459259],[13.457269,52.459206],[13.457339,52.459236],[13.472215,52.458849],[13.47497,52.458765],[13.474951,52.459186],[13.47498,52.459473],[13.475173,52.459905],[13.475798,52.460913],[13.477197,52.461993],[13.478549,52.463981],[13.478479,52.464987],[13.478414,52.465133],[13.478339,52.465231],[13.476351,52.467131],[13.47618,52.467266],[13.475599,52.467652],[13.475039,52.468125],[13.470978,52.472033],[13.470101,52.472958],[13.469796,52.473333],[13.469618,52.47367],[13.469587,52.473803],[13.469607,52.473994],[13.469979,52.474837],[13.470291,52.475726],[13.470383,52.476021],[13.470573,52.476906],[13.461159,52.483537],[13.461181,52.483701],[13.458134,52.48582],[13.456067,52.484254]]]}},{"type":"Feature","properties":{"name":"Treptow-Köpenick","title":"Treptow-Köpenick","description":"Berlin administrative district: Treptow-Köpenick","category":"Berlin district","official_id":"11000009","municipality_key":"009","state":"Berlin","state_key":"11","source":"Berlin ALKIS district boundaries","stroke":"#475569","stroke-width":2,"stroke-opacity":0.8,"fill":"#94a3b8","fill-opacity":0.04},"geometry":{"type":"Polygon","coordinates":[[[13.574441,52.47752],[13.573839,52.47697],[13.573845,52.476867],[13.573951,52.476614],[13.573927,52.476553],[13.57387,52.476501],[13.573747,52.47648],[13.573644,52.476513],[13.573425,52.476795],[13.57306,52.476656],[13.571962,52.47622],[13.572012,52.476194],[13.571521,52.475991],[13.570478,52.475596],[13.569345,52.475141],[13.569183,52.475091],[13.568741,52.474909],[13.56778,52.47455],[13.567723,52.474582],[13.567109,52.473954],[13.567055,52.473871],[13.566662,52.473786],[13.566633,52.473723],[13.56567,52.473599],[13.565128,52.473957],[13.564152,52.473672],[13.563094,52.473467],[13.561933,52.47334],[13.560869,52.473262],[13.559643,52.473242],[13.557345,52.473291],[13.556187,52.473489],[13.555046,52.473614],[13.552597,52.473652],[13.551532,52.473624],[13.550337,52.473704],[13.549188,52.473864],[13.547991,52.473866],[13.548478,52.473312],[13.542068,52.473988],[13.539848,52.474979],[13.534915,52.471139],[13.531432,52.468389],[13.531391,52.468403],[13.530772,52.467938],[13.527529,52.470624],[13.526085,52.471898],[13.525544,52.472356],[13.523668,52.473864],[13.522894,52.474442],[13.52243,52.474753],[13.521581,52.475218],[13.521431,52.475127],[13.521062,52.474756],[13.520315,52.47407],[13.520091,52.474164],[13.519465,52.47438],[13.516519,52.475373],[13.516122,52.475476],[13.515583,52.475583],[13.515143,52.475647],[13.514617,52.475697],[13.513826,52.475712],[13.512968,52.475661],[13.507847,52.474904],[13.504324,52.478125],[13.502241,52.481909],[13.501891,52.482574],[13.501527,52.482582],[13.500933,52.48264],[13.500509,52.482701],[13.499355,52.482933],[13.498278,52.483217],[13.497853,52.483284],[13.497228,52.483305],[13.496866,52.483273],[13.496861,52.48329],[13.496708,52.483317],[13.494179,52.483121],[13.493687,52.484276],[13.493662,52.484273],[13.493614,52.484355],[13.49362,52.484449],[13.493491,52.484686],[13.49287,52.485649],[13.492741,52.485817],[13.492281,52.486241],[13.491691,52.486747],[13.491217,52.487136],[13.49091,52.487347],[13.490709,52.487444],[13.48987,52.487636],[13.489153,52.487762],[13.488504,52.487836],[13.487554,52.487789],[13.486739,52.487649],[13.485946,52.487403],[13.482956,52.486046],[13.482056,52.487444],[13.481684,52.487635],[13.480469,52.487887],[13.480057,52.487938],[13.479859,52.487944],[13.479423,52.487923],[13.47924,52.487871],[13.478638,52.487031],[13.478083,52.487713],[13.477959,52.487915],[13.477875,52.488125],[13.477688,52.488785],[13.477054,52.489309],[13.476125,52.489963],[13.475443,52.490329],[13.473789,52.491036],[13.471019,52.49149],[13.468495,52.49234],[13.467058,52.492686],[13.464215,52.493743],[13.4632,52.494215],[13.463174,52.494349],[13.46396,52.494992],[13.463982,52.495043],[13.463934,52.495107],[13.463737,52.495217],[13.463384,52.495379],[13.463186,52.495447],[13.463057,52.495352],[13.461926,52.495589],[13.459483,52.496544],[13.455071,52.497421],[13.455041,52.497368],[13.454067,52.497559],[13.453352,52.497525],[13.452666,52.497575],[13.452104,52.497481],[13.451492,52.497348],[13.451202,52.497243],[13.450908,52.497108],[13.450648,52.496942],[13.450698,52.496927],[13.450282,52.496616],[13.450054,52.496474],[13.44785,52.494822],[13.447729,52.494749],[13.447582,52.494698],[13.447424,52.494664],[13.447094,52.494634],[13.446988,52.494636],[13.446253,52.494733],[13.445819,52.494717],[13.445481,52.494643],[13.445224,52.494547],[13.444976,52.494423],[13.440778,52.491174],[13.440523,52.491009],[13.440228,52.490861],[13.440037,52.490733],[13.439893,52.490603],[13.439761,52.490353],[13.439657,52.489909],[13.444444,52.487458],[13.446763,52.488955],[13.44866,52.487983],[13.448727,52.488027],[13.450327,52.487086],[13.450445,52.487149],[13.456067,52.484254],[13.458134,52.48582],[13.461181,52.483701],[13.461159,52.483537],[13.470573,52.476906],[13.470383,52.476021],[13.470291,52.475726],[13.469979,52.474837],[13.469607,52.473994],[13.469587,52.473803],[13.469618,52.47367],[13.469796,52.473333],[13.470101,52.472958],[13.470978,52.472033],[13.475039,52.468125],[13.475599,52.467652],[13.47618,52.467266],[13.476351,52.467131],[13.478339,52.465231],[13.478414,52.465133],[13.478479,52.464987],[13.478549,52.463981],[13.477197,52.461993],[13.475798,52.460913],[13.475173,52.459905],[13.47498,52.459473],[13.474951,52.459186],[13.47497,52.458765],[13.472215,52.458849],[13.457339,52.459236],[13.457269,52.459206],[13.45723,52.459259],[13.457123,52.459257],[13.45704,52.459232],[13.456995,52.459196],[13.456975,52.459153],[13.45698,52.459108],[13.457188,52.458852],[13.457286,52.458671],[13.457545,52.458279],[13.458905,52.456578],[13.459014,52.456472],[13.461406,52.45291],[13.461468,52.452839],[13.461708,52.452646],[13.461783,52.452556],[13.462211,52.451951],[13.462564,52.451508],[13.462666,52.451203],[13.462749,52.451235],[13.462859,52.451123],[13.46294,52.451147],[13.463009,52.451124],[13.463497,52.450571],[13.463762,52.450312],[13.463915,52.450192],[13.464348,52.449878],[13.464933,52.449498],[13.465615,52.449102],[13.466142,52.448829],[13.476119,52.443996],[13.47627,52.443941],[13.476539,52.443884],[13.476676,52.443835],[13.478089,52.443146],[13.478161,52.443104],[13.478403,52.442869],[13.478498,52.442805],[13.478547,52.442805],[13.47907,52.442568],[13.484203,52.440057],[13.484275,52.440024],[13.484636,52.439937],[13.48481,52.439874],[13.489063,52.437808],[13.489201,52.437717],[13.489358,52.43756],[13.489452,52.437507],[13.494441,52.435081],[13.494582,52.435029],[13.495001,52.434921],[13.497088,52.433909],[13.497216,52.433828],[13.497531,52.43357],[13.497804,52.43345],[13.497768,52.433427],[13.497974,52.433337],[13.498358,52.433259],[13.498536,52.433205],[13.50597,52.429596],[13.507147,52.429073],[13.508689,52.428497],[13.509757,52.428156],[13.511397,52.427713],[13.512698,52.427444],[13.51342,52.427315],[13.514406,52.427164],[13.515889,52.426989],[13.517119,52.426896],[13.519767,52.426754],[13.519996,52.426717],[13.520507,52.426559],[13.520427,52.426091],[13.520233,52.425727],[13.519562,52.424713],[13.519576,52.424712],[13.519606,52.424631],[13.518438,52.42291],[13.518651,52.422255],[13.518801,52.422132],[13.519483,52.421424],[13.519913,52.421347],[13.520181,52.421027],[13.520504,52.420836],[13.520648,52.42019],[13.520845,52.419543],[13.522123,52.418432],[13.522156,52.418297],[13.522133,52.417871],[13.522131,52.417351],[13.522143,52.417226],[13.522222,52.416922],[13.522499,52.416255],[13.522961,52.41545],[13.522261,52.41443],[13.522587,52.414323],[13.522627,52.414154],[13.524063,52.413592],[13.523598,52.413173],[13.523227,52.412654],[13.523446,52.412422],[13.523014,52.412135],[13.52348,52.41167],[13.522934,52.411041],[13.523207,52.410813],[13.522339,52.408544],[13.522243,52.408322],[13.521789,52.407442],[13.521666,52.407293],[13.520976,52.406679],[13.520595,52.406405],[13.520707,52.406293],[13.519053,52.405123],[13.519331,52.40494],[13.51877,52.404664],[13.517547,52.403863],[13.516652,52.403334],[13.51698,52.402839],[13.515985,52.402186],[13.516003,52.401788],[13.517139,52.401549],[13.518627,52.401092],[13.520842,52.400727],[13.521053,52.400706],[13.521798,52.400571],[13.522818,52.400058],[13.524601,52.399384],[13.526388,52.398936],[13.529693,52.397302],[13.533687,52.39887],[13.535062,52.399262],[13.535575,52.399436],[13.537013,52.399986],[13.537057,52.399987],[13.538432,52.400633],[13.53821,52.399978],[13.537411,52.398855],[13.537075,52.398252],[13.53721,52.398037],[13.536306,52.397823],[13.536693,52.39721],[13.536405,52.396624],[13.53583,52.395618],[13.535367,52.394008],[13.535152,52.393507],[13.535103,52.393308],[13.534834,52.391436],[13.534825,52.390772],[13.535492,52.388991],[13.545911,52.388718],[13.551633,52.388511],[13.553948,52.388389],[13.560844,52.388172],[13.563358,52.38813],[13.564159,52.388135],[13.565774,52.388451],[13.568025,52.388793],[13.570809,52.389348],[13.57287,52.389807],[13.574371,52.390115],[13.575611,52.390242],[13.576692,52.390406],[13.581659,52.391215],[13.582896,52.391459],[13.585051,52.391907],[13.587828,52.392515],[13.590608,52.393357],[13.592695,52.393813],[13.592763,52.393785],[13.592952,52.393595],[13.593331,52.393297],[13.593585,52.393016],[13.594091,52.392551],[13.594141,52.392442],[13.594231,52.392118],[13.593992,52.391634],[13.593854,52.390838],[13.593701,52.390491],[13.593651,52.390232],[13.593676,52.38996],[13.593884,52.389676],[13.594046,52.38953],[13.594315,52.38892],[13.59467,52.38898],[13.595019,52.388944],[13.595203,52.388744],[13.595276,52.388478],[13.595249,52.38816],[13.594907,52.387555],[13.594965,52.38721],[13.595342,52.386789],[13.595994,52.386132],[13.59612,52.385985],[13.597156,52.385736],[13.59828,52.385513],[13.598979,52.385406],[13.599262,52.385427],[13.599383,52.385405],[13.599529,52.385281],[13.599733,52.385014],[13.600317,52.384508],[13.600474,52.384317],[13.600749,52.384155],[13.601003,52.384048],[13.601383,52.383938],[13.601682,52.383742],[13.601912,52.383558],[13.603003,52.382841],[13.603194,52.382386],[13.603458,52.381963],[13.603718,52.381666],[13.604395,52.381271],[13.604859,52.380944],[13.605433,52.380377],[13.605951,52.379725],[13.606362,52.379142],[13.606398,52.379118],[13.606326,52.378606],[13.605472,52.377973],[13.606508,52.376755],[13.606809,52.376028],[13.606767,52.375411],[13.606594,52.374944],[13.60582,52.373624],[13.607365,52.373978],[13.609213,52.37461],[13.611144,52.375303],[13.613189,52.37601],[13.620398,52.378483],[13.621541,52.378902],[13.623074,52.379433],[13.626637,52.380706],[13.628514,52.381356],[13.632464,52.377084],[13.633223,52.376244],[13.642678,52.377507],[13.642812,52.375239],[13.642845,52.374388],[13.642843,52.372583],[13.642535,52.371432],[13.642098,52.37081],[13.643538,52.370467],[13.646831,52.370156],[13.646743,52.369587],[13.646866,52.368953],[13.647069,52.368527],[13.647265,52.368019],[13.64719,52.367021],[13.646945,52.366079],[13.646697,52.365763],[13.646099,52.365275],[13.644736,52.364806],[13.643739,52.364269],[13.641144,52.363097],[13.640241,52.361933],[13.639867,52.361692],[13.639085,52.360981],[13.638986,52.360641],[13.638708,52.360243],[13.638435,52.359735],[13.638466,52.359162],[13.638719,52.358753],[13.638562,52.358164],[13.638302,52.357748],[13.638227,52.357271],[13.638137,52.357095],[13.638093,52.356571],[13.637793,52.348213],[13.636701,52.348144],[13.636318,52.346817],[13.636825,52.345228],[13.637167,52.344731],[13.638704,52.343193],[13.640858,52.341884],[13.642817,52.339941],[13.644496,52.339916],[13.64468,52.339694],[13.645231,52.339153],[13.645508,52.338785],[13.645908,52.338637],[13.647441,52.338272],[13.647739,52.338246],[13.648422,52.338274],[13.648711,52.338353],[13.648849,52.33834],[13.650109,52.338719],[13.650693,52.338858],[13.650945,52.338946],[13.651399,52.339247],[13.651695,52.339467],[13.651151,52.342607],[13.651525,52.343005],[13.651798,52.343337],[13.652301,52.343851],[13.65257,52.344423],[13.652763,52.344784],[13.653133,52.345283],[13.653298,52.345557],[13.653503,52.345735],[13.653631,52.345896],[13.654239,52.346278],[13.654879,52.346782],[13.655337,52.347051],[13.655577,52.347219],[13.655987,52.347657],[13.656114,52.347814],[13.65617,52.347983],[13.655949,52.348174],[13.656009,52.348477],[13.656178,52.348741],[13.656552,52.349213],[13.656772,52.349614],[13.656788,52.349752],[13.656755,52.34994],[13.656819,52.350577],[13.656866,52.350737],[13.656977,52.351344],[13.657086,52.351614],[13.657211,52.351731],[13.657507,52.351911],[13.657892,52.352047],[13.658424,52.352136],[13.658984,52.352359],[13.659118,52.352535],[13.659164,52.352642],[13.658967,52.352809],[13.659571,52.353308],[13.65996,52.353493],[13.660117,52.353512],[13.660884,52.35377],[13.661071,52.353897],[13.661597,52.354062],[13.661862,52.354187],[13.662023,52.354214],[13.662223,52.354424],[13.661947,52.354513],[13.661986,52.354607],[13.662188,52.354789],[13.662686,52.355082],[13.662447,52.355276],[13.662402,52.355439],[13.662383,52.355702],[13.662439,52.355862],[13.662702,52.356284],[13.662838,52.356609],[13.663004,52.356894],[13.663152,52.357056],[13.663635,52.357408],[13.664168,52.35778],[13.664633,52.358012],[13.664905,52.358127],[13.665187,52.358175],[13.665515,52.358181],[13.665874,52.358121],[13.666202,52.358089],[13.666078,52.358302],[13.66602,52.358608],[13.665847,52.359081],[13.665772,52.359409],[13.66575,52.359626],[13.665815,52.359839],[13.665993,52.360146],[13.666163,52.36052],[13.666149,52.360707],[13.666205,52.360793],[13.666272,52.361017],[13.666352,52.361624],[13.666483,52.361963],[13.666664,52.362361],[13.666731,52.362425],[13.66683,52.36258],[13.667058,52.362816],[13.667176,52.362973],[13.667548,52.363296],[13.668251,52.364014],[13.668478,52.36421],[13.668908,52.364473],[13.669347,52.364566],[13.669459,52.364607],[13.669524,52.364603],[13.6699,52.364694],[13.670009,52.364771],[13.670417,52.365288],[13.670679,52.365843],[13.670919,52.366243],[13.671183,52.366482],[13.671506,52.366657],[13.671819,52.366785],[13.672277,52.366896],[13.672888,52.367011],[13.673897,52.367239],[13.673956,52.36723],[13.674038,52.367251],[13.674176,52.367326],[13.674418,52.367346],[13.674575,52.367407],[13.674657,52.367464],[13.674842,52.367522],[13.674925,52.367522],[13.67542,52.367681],[13.675565,52.36776],[13.676136,52.367958],[13.676425,52.368134],[13.676612,52.368189],[13.676735,52.368323],[13.676919,52.368352],[13.676984,52.368395],[13.677074,52.368399],[13.67712,52.368462],[13.67724,52.368523],[13.67734,52.368567],[13.677417,52.368572],[13.677846,52.368857],[13.678406,52.369191],[13.678903,52.36933],[13.679061,52.369355],[13.679209,52.369445],[13.679342,52.36946],[13.679488,52.369434],[13.680119,52.369421],[13.680478,52.369487],[13.680704,52.369509],[13.680791,52.369486],[13.681033,52.369466],[13.68114,52.369561],[13.681289,52.369584],[13.681411,52.369545],[13.681492,52.369568],[13.682151,52.36964],[13.68283,52.369509],[13.684753,52.368816],[13.685368,52.368519],[13.686685,52.367736],[13.687221,52.367302],[13.688024,52.367343],[13.688918,52.367413],[13.68928,52.367528],[13.68953,52.367661],[13.689263,52.367846],[13.689702,52.367811],[13.689992,52.367855],[13.690213,52.367831],[13.690543,52.367755],[13.690975,52.367602],[13.691427,52.3674],[13.691476,52.367297],[13.691889,52.367239],[13.691937,52.3672],[13.692017,52.367186],[13.692203,52.367209],[13.692242,52.367257],[13.692124,52.367329],[13.691553,52.367443],[13.691426,52.367489],[13.691313,52.367599],[13.691277,52.367778],[13.692016,52.367936],[13.692501,52.367967],[13.693083,52.367978],[13.692972,52.368337],[13.692793,52.368515],[13.692703,52.36872],[13.692679,52.368822],[13.692701,52.368941],[13.692788,52.369097],[13.692853,52.369178],[13.693225,52.369513],[13.693696,52.369738],[13.693932,52.369946],[13.694554,52.370295],[13.694865,52.37057],[13.69509,52.370703],[13.695478,52.371118],[13.695601,52.37121],[13.696221,52.371907],[13.69644,52.372108],[13.697042,52.372544],[13.697391,52.373073],[13.697973,52.373416],[13.698292,52.373721],[13.698617,52.37408],[13.698715,52.374155],[13.698898,52.374486],[13.699172,52.374702],[13.699216,52.374913],[13.699957,52.37559],[13.700303,52.376352],[13.70062,52.377193],[13.700406,52.377507],[13.699422,52.377514],[13.699293,52.377736],[13.697209,52.377438],[13.698108,52.379914],[13.698503,52.380671],[13.69881,52.381123],[13.698835,52.381501],[13.69832,52.381487],[13.696248,52.381152],[13.695165,52.380955],[13.694274,52.381285],[13.689721,52.383254],[13.687915,52.382953],[13.687311,52.383323],[13.687061,52.38388],[13.686179,52.383863],[13.686122,52.38399],[13.686568,52.384788],[13.686645,52.385028],[13.686831,52.385304],[13.687593,52.38517],[13.688025,52.386073],[13.688322,52.385811],[13.68848,52.385572],[13.688694,52.385418],[13.688871,52.385033],[13.688934,52.385025],[13.689377,52.385158],[13.689755,52.3852],[13.690606,52.385498],[13.692989,52.387057],[13.693469,52.38747],[13.693612,52.387566],[13.694159,52.387856],[13.694676,52.388321],[13.695418,52.388882],[13.695968,52.388984],[13.69621,52.389147],[13.696288,52.389235],[13.696824,52.389688],[13.697344,52.389922],[13.697482,52.390222],[13.697498,52.390557],[13.69761,52.390711],[13.697864,52.390962],[13.697653,52.391122],[13.697742,52.391298],[13.697982,52.391424],[13.698037,52.391596],[13.698269,52.391771],[13.698772,52.391903],[13.699014,52.391913],[13.699017,52.391795],[13.698747,52.39143],[13.698547,52.391379],[13.698419,52.391139],[13.698399,52.390748],[13.6987,52.390596],[13.698963,52.390666],[13.699254,52.390777],[13.699603,52.390962],[13.70015,52.391145],[13.70028,52.39127],[13.700374,52.391437],[13.700541,52.391625],[13.7008,52.391896],[13.701192,52.392255],[13.701841,52.393034],[13.702348,52.393328],[13.702494,52.393372],[13.702592,52.393384],[13.703293,52.393265],[13.703537,52.393291],[13.704485,52.393538],[13.705098,52.393899],[13.705453,52.394077],[13.70616,52.394833],[13.706556,52.39512],[13.707256,52.395224],[13.7076,52.395152],[13.707941,52.395125],[13.708572,52.395325],[13.708685,52.395374],[13.70925,52.395689],[13.709388,52.395913],[13.709722,52.396217],[13.709852,52.396374],[13.710179,52.396194],[13.710817,52.396612],[13.711011,52.396767],[13.711365,52.397137],[13.711754,52.397291],[13.712067,52.397529],[13.712544,52.397747],[13.712877,52.397784],[13.713148,52.39786],[13.713253,52.397873],[13.713594,52.397997],[13.713806,52.398206],[13.714047,52.398641],[13.713989,52.398684],[13.714043,52.39876],[13.714127,52.398832],[13.714428,52.39904],[13.715145,52.399245],[13.71587,52.399694],[13.716691,52.399722],[13.716978,52.399639],[13.717418,52.399056],[13.717567,52.398927],[13.718052,52.398819],[13.718407,52.398761],[13.718537,52.398751],[13.718784,52.398762],[13.719184,52.398821],[13.719428,52.398888],[13.719843,52.399069],[13.72158,52.398574],[13.722535,52.398272],[13.722789,52.398257],[13.722949,52.3983],[13.723168,52.398295],[13.723384,52.39834],[13.723679,52.398549],[13.724141,52.398684],[13.724386,52.398807],[13.724642,52.398848],[13.7249,52.399102],[13.724961,52.399257],[13.725046,52.399366],[13.725337,52.399543],[13.725444,52.399704],[13.725617,52.399573],[13.725792,52.399532],[13.726291,52.39957],[13.726437,52.399607],[13.727068,52.399826],[13.727244,52.399951],[13.727321,52.40018],[13.727451,52.400233],[13.727598,52.400236],[13.727619,52.40019],[13.728227,52.399896],[13.72886,52.39977],[13.729011,52.399811],[13.729058,52.399923],[13.728933,52.400055],[13.728972,52.400091],[13.729114,52.400096],[13.729202,52.400117],[13.729408,52.400202],[13.729468,52.400188],[13.729566,52.400025],[13.729579,52.399866],[13.729605,52.399836],[13.72979,52.399722],[13.730044,52.399655],[13.730199,52.399647],[13.730291,52.399669],[13.730839,52.399953],[13.731137,52.400006],[13.731306,52.400078],[13.731586,52.400271],[13.731817,52.40048],[13.732515,52.400944],[13.732809,52.401099],[13.733169,52.401246],[13.734117,52.401981],[13.73427,52.402135],[13.734158,52.403064],[13.734164,52.403343],[13.734739,52.404701],[13.734888,52.405017],[13.735404,52.405858],[13.7354,52.405911],[13.735361,52.405984],[13.737002,52.406458],[13.737975,52.406718],[13.738567,52.407025],[13.739035,52.407336],[13.738922,52.407408],[13.738573,52.407735],[13.738446,52.407866],[13.738247,52.408128],[13.737911,52.408468],[13.737703,52.408777],[13.737652,52.408874],[13.737584,52.409103],[13.73748,52.409291],[13.737277,52.40956],[13.73717,52.409642],[13.736822,52.409854],[13.73593,52.410249],[13.735847,52.410299],[13.735087,52.410408],[13.73496,52.410412],[13.734611,52.410571],[13.734497,52.410696],[13.734329,52.410975],[13.734195,52.411244],[13.73408,52.411551],[13.733928,52.411786],[13.733495,52.412271],[13.733348,52.412483],[13.733107,52.412681],[13.732525,52.413289],[13.732297,52.413484],[13.731957,52.413813],[13.731656,52.414062],[13.731442,52.414189],[13.731061,52.414523],[13.730829,52.414789],[13.730506,52.415088],[13.730256,52.41535],[13.729911,52.415839],[13.729806,52.416345],[13.730055,52.417034],[13.730293,52.417511],[13.730448,52.417788],[13.730699,52.418121],[13.730822,52.418179],[13.730747,52.418198],[13.731039,52.418596],[13.73126,52.41893],[13.731385,52.41918],[13.731432,52.41955],[13.731424,52.419822],[13.731331,52.420086],[13.731193,52.42025],[13.731065,52.420472],[13.731069,52.42051],[13.731146,52.420528],[13.733358,52.422599],[13.737659,52.426694],[13.738076,52.426666],[13.739491,52.426424],[13.739617,52.426666],[13.740767,52.42642],[13.741275,52.426765],[13.741596,52.428061],[13.741683,52.428052],[13.741725,52.428195],[13.741326,52.428273],[13.738942,52.428855],[13.739376,52.429523],[13.740104,52.432473],[13.737255,52.432788],[13.734153,52.433099],[13.733245,52.433223],[13.732392,52.433364],[13.731649,52.433508],[13.73063,52.433735],[13.729693,52.433982],[13.72875,52.434264],[13.727888,52.434554],[13.72722,52.434811],[13.726317,52.435184],[13.725227,52.435706],[13.724148,52.436293],[13.722802,52.436825],[13.722808,52.437144],[13.724413,52.436506],[13.725508,52.435914],[13.726575,52.435402],[13.727464,52.435032],[13.728962,52.434504],[13.729886,52.434225],[13.73143,52.433803],[13.733356,52.433478],[13.734236,52.433366],[13.738196,52.432962],[13.738276,52.433291],[13.739235,52.433192],[13.740336,52.433137],[13.742886,52.432938],[13.743311,52.43467],[13.743245,52.434703],[13.744072,52.438071],[13.750506,52.441482],[13.756304,52.441613],[13.754447,52.436681],[13.759988,52.43617],[13.760314,52.436629],[13.760576,52.436943],[13.760947,52.43732],[13.761159,52.437709],[13.760938,52.437878],[13.755318,52.438418],[13.75653,52.441618],[13.756864,52.442469],[13.757085,52.442962],[13.754614,52.443232],[13.754379,52.44328],[13.755347,52.444663],[13.756442,52.446174],[13.755394,52.446002],[13.755037,52.446544],[13.754174,52.447192],[13.753486,52.447587],[13.753254,52.447677],[13.752612,52.44787],[13.750261,52.448329],[13.749905,52.448474],[13.749489,52.448608],[13.749248,52.448668],[13.748376,52.448743],[13.746469,52.448939],[13.74549,52.449091],[13.744788,52.449236],[13.743302,52.448938],[13.742401,52.449041],[13.741658,52.449176],[13.740784,52.449306],[13.737759,52.449642],[13.737157,52.449789],[13.736474,52.449912],[13.735609,52.450256],[13.735561,52.450608],[13.734864,52.450662],[13.734351,52.450736],[13.733423,52.450549],[13.732716,52.45036],[13.731718,52.450455],[13.731427,52.450514],[13.72908,52.450783],[13.720585,52.456751],[13.719574,52.458042],[13.718926,52.45891],[13.717605,52.460546],[13.716189,52.462489],[13.715964,52.462916],[13.714726,52.46303],[13.713807,52.46304],[13.713352,52.462997],[13.711517,52.463289],[13.707915,52.464709],[13.706646,52.465171],[13.705701,52.465559],[13.704825,52.466018],[13.703535,52.466625],[13.702448,52.467214],[13.701913,52.467534],[13.701259,52.468223],[13.69908,52.468278],[13.70066,52.466172],[13.702096,52.464366],[13.702562,52.463313],[13.702813,52.462243],[13.70297,52.461168],[13.703167,52.460458],[13.70336,52.460044],[13.704083,52.459999],[13.705259,52.459867],[13.705479,52.458792],[13.705588,52.457699],[13.705401,52.456656],[13.705242,52.455616],[13.704615,52.45476],[13.703152,52.454851],[13.701496,52.454865],[13.700237,52.454986],[13.699032,52.455182],[13.698348,52.45526],[13.698532,52.455615],[13.698675,52.456477],[13.698486,52.457288],[13.697691,52.458496],[13.697619,52.459756],[13.697532,52.460483],[13.69708,52.461733],[13.69649,52.462597],[13.695616,52.464002],[13.695353,52.464019],[13.695433,52.464185],[13.694109,52.464404],[13.692474,52.464549],[13.690971,52.464741],[13.689831,52.465012],[13.688388,52.465025],[13.686565,52.465138],[13.685082,52.465482],[13.682774,52.466069],[13.681649,52.466814],[13.680164,52.467828],[13.678644,52.469236],[13.676411,52.470022],[13.675238,52.470661],[13.673381,52.47139],[13.671612,52.472277],[13.670084,52.473094],[13.668947,52.473443],[13.667559,52.473739],[13.667357,52.473854],[13.667239,52.474285],[13.665724,52.473951],[13.664627,52.473775],[13.664332,52.473695],[13.66381,52.47366],[13.662652,52.473758],[13.661505,52.474048],[13.658364,52.475002],[13.656815,52.475971],[13.656056,52.47639],[13.655464,52.476646],[13.652327,52.477462],[13.651054,52.477854],[13.649761,52.478285],[13.648306,52.478731],[13.647285,52.478819],[13.645777,52.478872],[13.644812,52.478979],[13.644136,52.479097],[13.643215,52.479232],[13.642571,52.478714],[13.641097,52.478121],[13.639845,52.477643],[13.637394,52.476644],[13.636151,52.476154],[13.634667,52.475818],[13.631043,52.475035],[13.629445,52.474111],[13.628184,52.473554],[13.625342,52.473705],[13.624948,52.471042],[13.624796,52.470149],[13.624709,52.469062],[13.625125,52.468908],[13.625206,52.468745],[13.622897,52.468793],[13.622867,52.468541],[13.622836,52.468417],[13.622608,52.468061],[13.62293,52.467935],[13.622943,52.467913],[13.622922,52.467893],[13.622688,52.467833],[13.622666,52.46781],[13.622663,52.467781],[13.622693,52.46773],[13.622967,52.46752],[13.623054,52.467421],[13.623051,52.467349],[13.62298,52.467157],[13.623019,52.467084],[13.6234,52.466711],[13.623055,52.466619],[13.622743,52.466456],[13.621388,52.466639],[13.621747,52.466802],[13.62196,52.467009],[13.622024,52.467568],[13.622011,52.468024],[13.621919,52.468486],[13.621024,52.468498],[13.621051,52.469538],[13.621135,52.470263],[13.62117,52.470263],[13.621172,52.470463],[13.61767,52.471083],[13.617123,52.471208],[13.615069,52.469715],[13.613497,52.47023],[13.612126,52.470516],[13.611498,52.470628],[13.611313,52.470477],[13.608153,52.471091],[13.608369,52.472682],[13.608376,52.472855],[13.604904,52.472907],[13.60307,52.472786],[13.599908,52.47432],[13.599678,52.47447],[13.599619,52.474389],[13.598329,52.475158],[13.597337,52.475629],[13.596634,52.476061],[13.595206,52.476814],[13.593931,52.47739],[13.591556,52.478637],[13.590844,52.478978],[13.590658,52.479053],[13.5901,52.479361],[13.588927,52.47994],[13.586342,52.481122],[13.581875,52.479971],[13.579716,52.481024],[13.577764,52.480311],[13.575118,52.479479],[13.575123,52.479444],[13.575065,52.479422],[13.575029,52.479383],[13.57468,52.478159],[13.574441,52.47752]]]}},{"type":"Feature","properties":{"name":"Marzahn-Hellersdorf","title":"Marzahn-Hellersdorf","description":"Berlin administrative district: Marzahn-Hellersdorf","category":"Berlin district","official_id":"11000010","municipality_key":"010","state":"Berlin","state_key":"11","source":"Berlin ALKIS district boundaries","stroke":"#475569","stroke-width":2,"stroke-opacity":0.8,"fill":"#94a3b8","fill-opacity":0.04},"geometry":{"type":"Polygon","coordinates":[[[13.614893,52.480762],[13.629718,52.493037],[13.627445,52.493319],[13.626838,52.493412],[13.625844,52.493605],[13.625349,52.493749],[13.624006,52.494198],[13.624449,52.495045],[13.625758,52.497056],[13.626335,52.498114],[13.626766,52.499071],[13.627007,52.499723],[13.627211,52.500377],[13.628091,52.503405],[13.6284,52.504281],[13.628756,52.505217],[13.6289,52.505556],[13.629206,52.50615],[13.629513,52.50672],[13.631035,52.508848],[13.632132,52.510425],[13.632673,52.511134],[13.633139,52.511708],[13.634181,52.512846],[13.635481,52.513931],[13.63578,52.514216],[13.637101,52.515134],[13.638022,52.515679],[13.639645,52.516682],[13.64024,52.517118],[13.641408,52.517911],[13.642459,52.51855],[13.647009,52.52065],[13.654776,52.52382],[13.655354,52.524073],[13.655646,52.524221],[13.656013,52.524439],[13.658502,52.525945],[13.658408,52.526092],[13.658216,52.526238],[13.658093,52.526381],[13.658032,52.526529],[13.657978,52.526797],[13.657793,52.527234],[13.657784,52.527301],[13.657699,52.527432],[13.657556,52.527748],[13.657365,52.52841],[13.657302,52.528502],[13.657211,52.52891],[13.656911,52.529837],[13.654646,52.529821],[13.653127,52.529775],[13.651549,52.529817],[13.650984,52.529805],[13.649559,52.529722],[13.648537,52.529641],[13.646255,52.52968],[13.643681,52.52989],[13.641682,52.530322],[13.640631,52.530422],[13.638234,52.530485],[13.636793,52.530506],[13.634406,52.530478],[13.631559,52.530572],[13.62975,52.53043],[13.626775,52.530166],[13.626736,52.530127],[13.626006,52.530402],[13.625688,52.530184],[13.624811,52.533585],[13.625744,52.534039],[13.624822,52.538106],[13.624882,52.538052],[13.625129,52.537928],[13.625739,52.537778],[13.625971,52.537753],[13.626318,52.537672],[13.62671,52.53764],[13.627539,52.537485],[13.628073,52.537535],[13.628221,52.53757],[13.628508,52.537698],[13.628858,52.537977],[13.628997,52.537932],[13.630583,52.537621],[13.630614,52.537625],[13.630889,52.537791],[13.63161,52.538002],[13.632795,52.537792],[13.63309,52.537802],[13.633124,52.537868],[13.633388,52.537818],[13.633723,52.537702],[13.633946,52.537653],[13.634164,52.538028],[13.634403,52.537975],[13.634385,52.537944],[13.634507,52.537918],[13.634518,52.537935],[13.634554,52.537928],[13.634748,52.538258],[13.634905,52.538224],[13.635749,52.539048],[13.636223,52.539539],[13.636759,52.540038],[13.637646,52.540921],[13.637373,52.542254],[13.636463,52.542241],[13.63558,52.542281],[13.63545,52.542305],[13.634737,52.542643],[13.634399,52.542825],[13.626104,52.543589],[13.618714,52.544214],[13.587412,52.549452],[13.586549,52.549759],[13.586382,52.549785],[13.586387,52.549952],[13.586484,52.55018],[13.586608,52.550549],[13.586875,52.551037],[13.586929,52.551176],[13.586927,52.551671],[13.586952,52.551735],[13.587182,52.552047],[13.587297,52.552263],[13.587339,52.552319],[13.58746,52.552425],[13.587543,52.552567],[13.587654,52.552911],[13.587681,52.553128],[13.587771,52.553328],[13.587785,52.553615],[13.587748,52.553783],[13.587706,52.553878],[13.587749,52.554093],[13.587721,52.554301],[13.587749,52.55459],[13.587721,52.554725],[13.587728,52.554888],[13.5877,52.555091],[13.587635,52.555222],[13.5876,52.555624],[13.587495,52.55582],[13.587491,52.555945],[13.587352,52.556209],[13.586892,52.556716],[13.586767,52.556947],[13.58668,52.557174],[13.586625,52.557413],[13.586479,52.557691],[13.585629,52.558479],[13.585421,52.558619],[13.585374,52.558673],[13.585044,52.558921],[13.584885,52.559082],[13.58486,52.559135],[13.584708,52.559313],[13.584431,52.559857],[13.58445,52.560254],[13.584428,52.560572],[13.584326,52.561262],[13.584181,52.561622],[13.583831,52.562607],[13.583809,52.563018],[13.583871,52.563426],[13.583933,52.563611],[13.583933,52.563762],[13.58387,52.563932],[13.583384,52.564684],[13.583168,52.565213],[13.583167,52.565351],[13.583211,52.565453],[13.583232,52.565584],[13.583136,52.565837],[13.583106,52.565983],[13.583191,52.566284],[13.583401,52.566682],[13.583428,52.566775],[13.583417,52.567408],[13.583346,52.567747],[13.583146,52.568085],[13.583154,52.568174],[13.583085,52.568222],[13.583096,52.568281],[13.583042,52.568322],[13.58291,52.568535],[13.58295,52.568577],[13.582824,52.568845],[13.582559,52.569204],[13.582533,52.569296],[13.582419,52.569534],[13.582239,52.569805],[13.5822,52.569962],[13.582088,52.570096],[13.582091,52.570174],[13.581954,52.570352],[13.581886,52.570466],[13.581875,52.57053],[13.581841,52.570589],[13.581786,52.570644],[13.581749,52.570741],[13.581706,52.570798],[13.5816,52.57089],[13.581595,52.570946],[13.581545,52.57104],[13.581542,52.571106],[13.577887,52.571126],[13.577639,52.571523],[13.576968,52.572902],[13.574972,52.573834],[13.57469,52.57378],[13.574692,52.573838],[13.571408,52.573236],[13.569083,52.573366],[13.569159,52.573082],[13.568572,52.573104],[13.568497,52.573398],[13.568272,52.573786],[13.567705,52.574509],[13.56727,52.574037],[13.566749,52.573611],[13.566596,52.57333],[13.566142,52.573015],[13.566552,52.573164],[13.566465,52.57293],[13.564408,52.572194],[13.563893,52.57205],[13.562851,52.571795],[13.560594,52.571263],[13.560601,52.571246],[13.556486,52.570286],[13.556474,52.570303],[13.555857,52.570157],[13.555872,52.570142],[13.549628,52.568671],[13.549617,52.568688],[13.545625,52.567768],[13.544966,52.567241],[13.544583,52.566909],[13.543917,52.566618],[13.542433,52.566169],[13.542283,52.56614],[13.541878,52.5661],[13.541899,52.566087],[13.541864,52.566065],[13.541247,52.566024],[13.541193,52.566015],[13.541081,52.565957],[13.540618,52.565596],[13.54033,52.565342],[13.539776,52.564928],[13.535929,52.5619],[13.533951,52.560388],[13.532528,52.559485],[13.531102,52.558616],[13.529188,52.55742],[13.527985,52.556762],[13.526877,52.556169],[13.52678,52.55613],[13.525609,52.555482],[13.525493,52.555431],[13.525539,52.555381],[13.525354,52.55532],[13.525722,52.554829],[13.525903,52.554557],[13.525968,52.554573],[13.525995,52.554533],[13.525931,52.554518],[13.526239,52.554039],[13.526312,52.553987],[13.526636,52.553415],[13.526925,52.552843],[13.527181,52.552288],[13.527238,52.552273],[13.527222,52.552175],[13.527484,52.551523],[13.527703,52.550897],[13.52775,52.55083],[13.52774,52.550798],[13.527955,52.550219],[13.527892,52.550163],[13.528191,52.54944],[13.528244,52.549447],[13.528268,52.549391],[13.528215,52.549384],[13.528658,52.548242],[13.528823,52.547761],[13.528806,52.547734],[13.528844,52.547631],[13.528878,52.54761],[13.529188,52.546753],[13.529501,52.54597],[13.529693,52.54544],[13.529836,52.544963],[13.530007,52.544471],[13.53045,52.543548],[13.530567,52.543545],[13.530574,52.543526],[13.53063,52.542945],[13.530598,52.542915],[13.530992,52.541736],[13.531358,52.540985],[13.531898,52.539528],[13.532266,52.539316],[13.531579,52.539176],[13.531689,52.538976],[13.531325,52.538903],[13.531433,52.538916],[13.531497,52.538859],[13.531592,52.538605],[13.530763,52.538412],[13.530588,52.538461],[13.528787,52.537993],[13.527844,52.537803],[13.526485,52.537371],[13.52542,52.537012],[13.525404,52.537031],[13.52457,52.536732],[13.524578,52.536722],[13.523712,52.536443],[13.523066,52.536275],[13.522386,52.536134],[13.521545,52.53601],[13.520789,52.535936],[13.519802,52.535889],[13.519164,52.535825],[13.519251,52.535708],[13.516879,52.535544],[13.516989,52.535414],[13.517074,52.535417],[13.517123,52.535398],[13.517268,52.535204],[13.517158,52.53519],[13.518009,52.534052],[13.518208,52.533757],[13.518348,52.533515],[13.518487,52.533231],[13.518616,52.532895],[13.518658,52.532698],[13.518691,52.532671],[13.518708,52.532531],[13.518671,52.53248],[13.518784,52.531345],[13.518833,52.531332],[13.518857,52.531176],[13.518836,52.531045],[13.519083,52.528235],[13.519154,52.527117],[13.519117,52.527095],[13.519118,52.526118],[13.519293,52.525805],[13.519415,52.524561],[13.519437,52.523844],[13.5192,52.520904],[13.51916,52.520891],[13.519079,52.519653],[13.519119,52.519653],[13.519019,52.519019],[13.518956,52.518438],[13.518741,52.514441],[13.518599,52.514536],[13.518553,52.513912],[13.518754,52.513906],[13.518761,52.514029],[13.519306,52.514027],[13.519303,52.513896],[13.519999,52.513884],[13.519991,52.513731],[13.520129,52.51373],[13.520134,52.513764],[13.5204,52.513759],[13.520407,52.513874],[13.52203,52.513852],[13.523587,52.513915],[13.524415,52.513854],[13.52474,52.513796],[13.526791,52.513778],[13.52742,52.513798],[13.529246,52.513786],[13.531129,52.513709],[13.531973,52.513696],[13.532843,52.513622],[13.533256,52.513636],[13.533985,52.513623],[13.53474,52.513478],[13.535137,52.513375],[13.535723,52.513161],[13.536296,52.512882],[13.53652,52.512751],[13.536911,52.51247],[13.537192,52.512195],[13.537323,52.512105],[13.537574,52.511787],[13.537735,52.511406],[13.537822,52.511095],[13.537873,52.510167],[13.537847,52.509934],[13.538211,52.509909],[13.536214,52.509994],[13.536293,52.507941],[13.536116,52.5079],[13.536295,52.506406],[13.536012,52.506006],[13.535191,52.505553],[13.539497,52.498548],[13.542142,52.498252],[13.543404,52.49696],[13.544087,52.496206],[13.54381,52.495925],[13.54392,52.495697],[13.544455,52.495478],[13.54452,52.495109],[13.544511,52.494997],[13.54454,52.494997],[13.544817,52.493451],[13.544838,52.493288],[13.544762,52.493214],[13.544859,52.49321],[13.544848,52.493209],[13.546254,52.491766],[13.547829,52.489104],[13.549967,52.485781],[13.550138,52.485489],[13.550208,52.485187],[13.549893,52.48445],[13.549105,52.483741],[13.548681,52.483115],[13.548283,52.482481],[13.547916,52.482514],[13.547883,52.47978],[13.548451,52.479778],[13.550857,52.477016],[13.552048,52.473748],[13.552597,52.473652],[13.555046,52.473614],[13.556187,52.473489],[13.557345,52.473291],[13.559643,52.473242],[13.560869,52.473262],[13.561933,52.47334],[13.563094,52.473467],[13.564152,52.473672],[13.565128,52.473957],[13.56567,52.473599],[13.566633,52.473723],[13.566662,52.473786],[13.567055,52.473871],[13.567109,52.473954],[13.567723,52.474582],[13.56778,52.47455],[13.568741,52.474909],[13.569183,52.475091],[13.569345,52.475141],[13.570478,52.475596],[13.571521,52.475991],[13.572012,52.476194],[13.571962,52.47622],[13.57306,52.476656],[13.573425,52.476795],[13.573651,52.476509],[13.573767,52.476479],[13.573879,52.476507],[13.573927,52.476553],[13.573951,52.476614],[13.573845,52.476867],[13.573839,52.47697],[13.574441,52.47752],[13.57468,52.478159],[13.575029,52.479383],[13.575065,52.479422],[13.575123,52.479444],[13.575118,52.479479],[13.577764,52.480311],[13.579716,52.481024],[13.581875,52.479971],[13.586342,52.481122],[13.588927,52.47994],[13.5901,52.479361],[13.590658,52.479053],[13.590844,52.478978],[13.591556,52.478637],[13.593931,52.47739],[13.595206,52.476814],[13.596634,52.476061],[13.597337,52.475629],[13.598329,52.475158],[13.599619,52.474389],[13.599678,52.47447],[13.599908,52.47432],[13.60307,52.472786],[13.604904,52.472907],[13.608376,52.472855],[13.608369,52.472682],[13.608153,52.471091],[13.611313,52.470477],[13.611498,52.470628],[13.611366,52.470651],[13.616486,52.47483],[13.615452,52.4753],[13.613551,52.475619],[13.614893,52.480762]]]}},{"type":"Feature","properties":{"name":"Lichtenberg","title":"Lichtenberg","description":"Berlin administrative district: Lichtenberg","category":"Berlin district","official_id":"11000011","municipality_key":"011","state":"Berlin","state_key":"11","source":"Berlin ALKIS district boundaries","stroke":"#475569","stroke-width":2,"stroke-opacity":0.8,"fill":"#94a3b8","fill-opacity":0.04},"geometry":{"type":"Polygon","coordinates":[[[13.518754,52.513906],[13.518553,52.513912],[13.518599,52.514536],[13.518741,52.514441],[13.518956,52.518438],[13.519019,52.519019],[13.519119,52.519653],[13.519079,52.519653],[13.51916,52.520891],[13.5192,52.520904],[13.519437,52.523844],[13.519415,52.524561],[13.519293,52.525805],[13.519118,52.526118],[13.519117,52.527095],[13.519154,52.527117],[13.519052,52.528688],[13.518836,52.531045],[13.518857,52.531176],[13.518833,52.531332],[13.518784,52.531345],[13.518671,52.53248],[13.518708,52.532531],[13.518691,52.532671],[13.518658,52.532698],[13.518616,52.532895],[13.518457,52.533298],[13.518281,52.533637],[13.518092,52.533935],[13.517158,52.53519],[13.517268,52.535204],[13.517123,52.535398],[13.517074,52.535417],[13.516989,52.535414],[13.516879,52.535544],[13.519251,52.535708],[13.519164,52.535825],[13.519802,52.535889],[13.520789,52.535936],[13.521545,52.53601],[13.522386,52.536134],[13.523066,52.536275],[13.523712,52.536443],[13.524578,52.536722],[13.52457,52.536732],[13.525404,52.537031],[13.52542,52.537012],[13.526485,52.537371],[13.527844,52.537803],[13.528787,52.537993],[13.530588,52.538461],[13.530763,52.538412],[13.531592,52.538605],[13.531497,52.538859],[13.531433,52.538916],[13.531325,52.538903],[13.531689,52.538976],[13.531579,52.539176],[13.532266,52.539316],[13.531898,52.539528],[13.531358,52.540985],[13.530992,52.541736],[13.530598,52.542915],[13.53063,52.542945],[13.530574,52.543526],[13.530567,52.543545],[13.53045,52.543548],[13.530007,52.544471],[13.529836,52.544963],[13.529693,52.54544],[13.529501,52.54597],[13.529188,52.546753],[13.528878,52.54761],[13.528844,52.547631],[13.528806,52.547734],[13.528823,52.547761],[13.528658,52.548242],[13.528215,52.549384],[13.528268,52.549391],[13.528244,52.549447],[13.528191,52.54944],[13.527892,52.550163],[13.527955,52.550219],[13.52774,52.550798],[13.52775,52.55083],[13.527703,52.550897],[13.527484,52.551523],[13.527222,52.552175],[13.527238,52.552273],[13.527181,52.552288],[13.526925,52.552843],[13.526636,52.553415],[13.526312,52.553987],[13.526239,52.554039],[13.525931,52.554518],[13.525995,52.554533],[13.525968,52.554573],[13.525903,52.554557],[13.525722,52.554829],[13.525354,52.55532],[13.525539,52.555381],[13.525493,52.555431],[13.525609,52.555482],[13.52678,52.55613],[13.526877,52.556169],[13.527985,52.556762],[13.529188,52.55742],[13.531102,52.558616],[13.532528,52.559485],[13.533951,52.560388],[13.535929,52.5619],[13.539776,52.564928],[13.54033,52.565342],[13.540618,52.565596],[13.541038,52.565929],[13.54117,52.566005],[13.54134,52.566037],[13.541864,52.566065],[13.541899,52.566087],[13.541878,52.5661],[13.542283,52.56614],[13.542433,52.566169],[13.543917,52.566618],[13.544583,52.566909],[13.544966,52.567241],[13.545625,52.567768],[13.549617,52.568688],[13.549628,52.568671],[13.555872,52.570142],[13.555857,52.570157],[13.556474,52.570303],[13.556486,52.570286],[13.560601,52.571246],[13.560594,52.571263],[13.562851,52.571795],[13.563893,52.57205],[13.564408,52.572194],[13.566465,52.57293],[13.566552,52.573164],[13.566142,52.573015],[13.566596,52.57333],[13.566749,52.573611],[13.56727,52.574037],[13.567705,52.574509],[13.566898,52.575471],[13.566502,52.576174],[13.565208,52.577356],[13.564523,52.578197],[13.563328,52.579104],[13.562054,52.580232],[13.561856,52.580391],[13.561296,52.580707],[13.56056,52.581248],[13.55978,52.581741],[13.556887,52.583351],[13.556882,52.58338],[13.555786,52.583918],[13.555472,52.58415],[13.554187,52.584687],[13.553291,52.585128],[13.551713,52.585837],[13.549915,52.586564],[13.546987,52.587643],[13.547125,52.587853],[13.541668,52.589146],[13.534013,52.59086],[13.527694,52.592235],[13.527184,52.592231],[13.52619,52.592364],[13.522879,52.592748],[13.508119,52.592138],[13.505176,52.596463],[13.501821,52.595123],[13.488961,52.59005],[13.488405,52.589784],[13.486945,52.588839],[13.486399,52.588393],[13.486004,52.588014],[13.485666,52.587601],[13.4855,52.587348],[13.485365,52.587231],[13.485308,52.587131],[13.485315,52.58703],[13.485032,52.586405],[13.484646,52.585618],[13.48433,52.585638],[13.483566,52.584077],[13.481975,52.584002],[13.481613,52.583315],[13.480477,52.583533],[13.480449,52.583413],[13.480283,52.582931],[13.48001,52.58225],[13.479823,52.581587],[13.47977,52.581307],[13.479733,52.581191],[13.47972,52.581066],[13.479722,52.580782],[13.479771,52.580556],[13.47976,52.580345],[13.47969,52.580093],[13.479735,52.579604],[13.479943,52.579201],[13.480084,52.578605],[13.480038,52.578601],[13.480205,52.577914],[13.48025,52.577917],[13.480271,52.577836],[13.480402,52.577855],[13.480416,52.577799],[13.480513,52.577779],[13.480516,52.577703],[13.480453,52.577726],[13.480148,52.577742],[13.47999,52.577695],[13.479915,52.575419],[13.479808,52.575427],[13.479746,52.57515],[13.480079,52.575135],[13.480071,52.57502],[13.479791,52.574513],[13.479625,52.573778],[13.479668,52.573779],[13.47962,52.573528],[13.479888,52.573511],[13.479856,52.573325],[13.479575,52.573341],[13.479459,52.572694],[13.479917,52.57263],[13.480278,52.572607],[13.481054,52.572618],[13.481333,52.572603],[13.481544,52.572584],[13.482027,52.572494],[13.482188,52.572494],[13.482362,52.572517],[13.482571,52.572562],[13.482795,52.572632],[13.48283,52.572374],[13.482799,52.572155],[13.482702,52.571819],[13.482601,52.571635],[13.484121,52.570883],[13.487588,52.569219],[13.48359,52.566119],[13.483975,52.566074],[13.484154,52.566027],[13.484108,52.565972],[13.484097,52.565592],[13.484081,52.565501],[13.484027,52.565364],[13.483959,52.565303],[13.483673,52.564427],[13.486069,52.564153],[13.485596,52.562418],[13.485318,52.562275],[13.485186,52.561802],[13.485402,52.561552],[13.486661,52.561415],[13.487289,52.561291],[13.489969,52.56048],[13.490557,52.560243],[13.490823,52.560103],[13.491073,52.55995],[13.491299,52.559786],[13.491668,52.559448],[13.492243,52.558848],[13.492482,52.558577],[13.49468,52.556336],[13.494907,52.556082],[13.495105,52.555823],[13.495278,52.555556],[13.49542,52.55528],[13.495532,52.555003],[13.495612,52.554706],[13.495659,52.554407],[13.495677,52.55413],[13.495674,52.553865],[13.495638,52.553608],[13.495573,52.553352],[13.495443,52.553],[13.49443,52.550785],[13.494071,52.550875],[13.49035,52.551695],[13.486117,52.552398],[13.485805,52.552177],[13.485677,52.552197],[13.482222,52.549648],[13.481973,52.549548],[13.481687,52.549487],[13.480372,52.549452],[13.48037,52.549551],[13.480254,52.549603],[13.480082,52.54947],[13.479747,52.549621],[13.479342,52.549303],[13.479765,52.549102],[13.479882,52.548846],[13.48011,52.548496],[13.480341,52.548232],[13.48046,52.548121],[13.479645,52.547547],[13.478138,52.547595],[13.469929,52.547742],[13.469542,52.547776],[13.468526,52.548231],[13.468464,52.548178],[13.468416,52.548235],[13.467363,52.548321],[13.467017,52.548071],[13.469841,52.540458],[13.46731,52.538495],[13.46752,52.538405],[13.46753,52.538461],[13.467648,52.53845],[13.466386,52.536664],[13.466919,52.536429],[13.467456,52.536297],[13.467775,52.536157],[13.468069,52.535772],[13.468412,52.53526],[13.468672,52.534856],[13.468743,52.534712],[13.467354,52.534086],[13.467382,52.534063],[13.467308,52.53403],[13.467191,52.534082],[13.467124,52.534076],[13.467025,52.534031],[13.466959,52.534055],[13.46626,52.533778],[13.464525,52.533202],[13.464541,52.533151],[13.46448,52.533113],[13.464439,52.533065],[13.464429,52.533027],[13.464445,52.532989],[13.463389,52.532634],[13.463249,52.5324],[13.461006,52.529678],[13.460674,52.529358],[13.456332,52.528395],[13.456197,52.528265],[13.458179,52.526399],[13.458822,52.525948],[13.459118,52.525768],[13.459668,52.52551],[13.460262,52.525286],[13.462756,52.524504],[13.465476,52.52415],[13.466023,52.524062],[13.467095,52.523818],[13.468103,52.523485],[13.468585,52.523299],[13.469041,52.523097],[13.469495,52.522874],[13.469911,52.522635],[13.470299,52.522379],[13.470992,52.521819],[13.471297,52.521524],[13.471465,52.521312],[13.472137,52.520667],[13.472272,52.520678],[13.472353,52.520511],[13.472554,52.520527],[13.473213,52.519877],[13.473082,52.51988],[13.47376,52.519088],[13.474197,52.519117],[13.475395,52.517162],[13.476008,52.516195],[13.476262,52.515719],[13.476454,52.515296],[13.476547,52.515173],[13.476714,52.515046],[13.476847,52.514988],[13.477748,52.514729],[13.477485,52.514389],[13.475887,52.514863],[13.4755,52.513821],[13.475438,52.513433],[13.475533,52.51307],[13.475632,52.513059],[13.475839,52.512122],[13.475928,52.512114],[13.475941,52.51206],[13.47589,52.512054],[13.476266,52.510441],[13.476161,52.510348],[13.476043,52.5103],[13.475828,52.510257],[13.475419,52.509634],[13.473961,52.508109],[13.4739,52.508102],[13.474028,52.508068],[13.473937,52.50797],[13.473806,52.508007],[13.473822,52.507931],[13.473066,52.507126],[13.473409,52.506924],[13.472827,52.506707],[13.472788,52.506646],[13.472769,52.506575],[13.472804,52.506491],[13.472729,52.506455],[13.472712,52.506359],[13.47226,52.506109],[13.471749,52.505736],[13.471518,52.505515],[13.471163,52.505134],[13.471291,52.505002],[13.47042,52.50406],[13.470207,52.503743],[13.469755,52.50245],[13.469755,52.502323],[13.469675,52.502287],[13.469538,52.501941],[13.469525,52.501944],[13.469202,52.501116],[13.468877,52.500158],[13.468772,52.500158],[13.468573,52.499652],[13.47308,52.498991],[13.484145,52.491658],[13.484936,52.491604],[13.485773,52.4912],[13.486087,52.490799],[13.488462,52.489888],[13.488813,52.489249],[13.490164,52.488759],[13.491454,52.488266],[13.490709,52.487444],[13.49091,52.487347],[13.491217,52.487136],[13.492281,52.486241],[13.492741,52.485817],[13.49287,52.485649],[13.493491,52.484686],[13.49362,52.484449],[13.493614,52.484355],[13.493662,52.484273],[13.493687,52.484276],[13.494179,52.483121],[13.496708,52.483317],[13.496861,52.48329],[13.496866,52.483273],[13.497228,52.483305],[13.497853,52.483284],[13.498278,52.483217],[13.499355,52.482933],[13.500509,52.482701],[13.500933,52.48264],[13.501527,52.482582],[13.501891,52.482574],[13.502241,52.481909],[13.504324,52.478125],[13.507847,52.474904],[13.512968,52.475661],[13.513826,52.475712],[13.514617,52.475697],[13.515143,52.475647],[13.515583,52.475583],[13.516122,52.475476],[13.516519,52.475373],[13.519465,52.47438],[13.520091,52.474164],[13.520315,52.47407],[13.521062,52.474756],[13.521431,52.475127],[13.521581,52.475218],[13.52243,52.474753],[13.522894,52.474442],[13.523668,52.473864],[13.525544,52.472356],[13.526085,52.471898],[13.527529,52.470624],[13.530772,52.467938],[13.531391,52.468403],[13.531432,52.468389],[13.534915,52.471139],[13.539848,52.474979],[13.542068,52.473988],[13.548391,52.47332],[13.548478,52.473312],[13.547991,52.473866],[13.549188,52.473864],[13.550337,52.473704],[13.551532,52.473624],[13.552597,52.473652],[13.552048,52.473748],[13.550857,52.477016],[13.548451,52.479778],[13.547883,52.47978],[13.547916,52.482514],[13.548283,52.482481],[13.548681,52.483115],[13.549105,52.483741],[13.549893,52.48445],[13.550208,52.485187],[13.550138,52.485489],[13.549967,52.485781],[13.547829,52.489104],[13.546254,52.491766],[13.544848,52.493209],[13.544859,52.49321],[13.544762,52.493214],[13.544838,52.493288],[13.544817,52.493451],[13.54454,52.494997],[13.544511,52.494997],[13.54452,52.495109],[13.544455,52.495478],[13.54392,52.495697],[13.54381,52.495925],[13.544087,52.496206],[13.543404,52.49696],[13.542142,52.498252],[13.539497,52.498548],[13.535191,52.505553],[13.536012,52.506006],[13.536295,52.506406],[13.536116,52.5079],[13.536293,52.507941],[13.536214,52.509994],[13.538211,52.509909],[13.537847,52.509934],[13.537873,52.510167],[13.537822,52.511095],[13.537735,52.511406],[13.537574,52.511787],[13.537323,52.512105],[13.537192,52.512195],[13.536911,52.51247],[13.53652,52.512751],[13.536296,52.512882],[13.535723,52.513161],[13.535137,52.513375],[13.53474,52.513478],[13.533985,52.513623],[13.533256,52.513636],[13.532843,52.513622],[13.531973,52.513696],[13.531129,52.513709],[13.529246,52.513786],[13.52742,52.513798],[13.526791,52.513778],[13.52474,52.513796],[13.524415,52.513854],[13.523587,52.513915],[13.52203,52.513852],[13.520407,52.513874],[13.5204,52.513759],[13.520134,52.513764],[13.520129,52.51373],[13.519991,52.513731],[13.519999,52.513884],[13.519303,52.513896],[13.519306,52.514027],[13.518761,52.514029],[13.518754,52.513906]]]}},{"type":"Feature","properties":{"name":"Reinickendorf","title":"Reinickendorf","description":"Berlin administrative district: Reinickendorf","category":"Berlin district","official_id":"11000012","municipality_key":"012","state":"Berlin","state_key":"11","source":"Berlin ALKIS district boundaries","stroke":"#475569","stroke-width":2,"stroke-opacity":0.8,"fill":"#94a3b8","fill-opacity":0.04},"geometry":{"type":"Polygon","coordinates":[[[13.37515,52.606109],[13.375789,52.60702],[13.375777,52.607073],[13.376212,52.607738],[13.376354,52.609323],[13.376323,52.610697],[13.376284,52.611129],[13.375717,52.613239],[13.375228,52.614226],[13.374288,52.615666],[13.373137,52.617286],[13.37245,52.618377],[13.371554,52.619695],[13.371047,52.620367],[13.370382,52.621201],[13.369718,52.621986],[13.369519,52.622257],[13.367908,52.624072],[13.367304,52.625023],[13.367194,52.625314],[13.367111,52.6254],[13.366928,52.625346],[13.366893,52.625284],[13.366857,52.625272],[13.366718,52.625287],[13.366649,52.625316],[13.366447,52.625323],[13.366377,52.625344],[13.366318,52.625414],[13.366214,52.625481],[13.366136,52.625452],[13.366072,52.62539],[13.366027,52.625382],[13.365996,52.625395],[13.365954,52.625479],[13.365908,52.625476],[13.365869,52.625438],[13.365882,52.625382],[13.365875,52.625301],[13.365832,52.625284],[13.365734,52.625294],[13.36558,52.625406],[13.365492,52.62545],[13.365377,52.625475],[13.365269,52.625455],[13.365167,52.625375],[13.365074,52.625255],[13.364734,52.625261],[13.364659,52.625245],[13.364599,52.625206],[13.364602,52.62518],[13.364822,52.62489],[13.364809,52.624846],[13.364743,52.624826],[13.364426,52.624861],[13.364219,52.624859],[13.364186,52.624821],[13.364155,52.624703],[13.364071,52.624657],[13.364037,52.624656],[13.363981,52.624682],[13.363959,52.624724],[13.364046,52.624875],[13.364033,52.624919],[13.363942,52.624951],[13.363843,52.624918],[13.363739,52.624923],[13.363712,52.624948],[13.363778,52.62502],[13.363777,52.625073],[13.363743,52.625089],[13.363686,52.625087],[13.363521,52.62495],[13.363396,52.624915],[13.362669,52.624817],[13.362522,52.624776],[13.362473,52.624737],[13.362473,52.624696],[13.362508,52.624632],[13.362502,52.624599],[13.362438,52.624574],[13.362183,52.624588],[13.362132,52.624558],[13.362143,52.624522],[13.362103,52.624434],[13.361957,52.624335],[13.361897,52.624277],[13.361846,52.624269],[13.361646,52.624316],[13.361384,52.624333],[13.360978,52.624259],[13.360942,52.624241],[13.360918,52.624182],[13.360917,52.624051],[13.360862,52.624021],[13.360558,52.624059],[13.360471,52.624042],[13.360444,52.623992],[13.360512,52.623915],[13.360584,52.62387],[13.360571,52.623842],[13.360544,52.623829],[13.360075,52.62386],[13.359991,52.624013],[13.359969,52.624025],[13.359819,52.624055],[13.359681,52.624051],[13.359644,52.624014],[13.359613,52.623874],[13.359557,52.623812],[13.359203,52.623565],[13.359192,52.623548],[13.359213,52.623396],[13.359205,52.623327],[13.359175,52.623285],[13.359098,52.623285],[13.358976,52.623376],[13.358807,52.623428],[13.358488,52.623382],[13.358438,52.623367],[13.358399,52.623325],[13.358438,52.623161],[13.358413,52.623132],[13.358376,52.623125],[13.358313,52.623142],[13.358148,52.623309],[13.358097,52.623324],[13.358036,52.623318],[13.357793,52.623191],[13.35775,52.623135],[13.357746,52.62303],[13.357697,52.622988],[13.357639,52.622978],[13.35756,52.622996],[13.357364,52.623121],[13.357271,52.623161],[13.35712,52.623197],[13.357014,52.623191],[13.356839,52.62313],[13.356676,52.623113],[13.356449,52.623169],[13.356349,52.623289],[13.356299,52.623297],[13.356054,52.623196],[13.355876,52.623201],[13.355828,52.62322],[13.355619,52.623393],[13.355438,52.623416],[13.355321,52.623458],[13.355149,52.623566],[13.354941,52.623621],[13.354692,52.623623],[13.354566,52.623602],[13.354467,52.623559],[13.354438,52.62352],[13.354456,52.623467],[13.354446,52.62342],[13.354383,52.623376],[13.354347,52.62337],[13.35411,52.623402],[13.353964,52.623458],[13.353799,52.623487],[13.35358,52.623444],[13.353313,52.623299],[13.353227,52.623325],[13.353137,52.62339],[13.353054,52.623401],[13.352966,52.623371],[13.352857,52.623285],[13.352819,52.623216],[13.352758,52.62318],[13.352627,52.623151],[13.352487,52.623086],[13.352463,52.623059],[13.352469,52.62301],[13.352589,52.622853],[13.352423,52.622804],[13.352312,52.622818],[13.352289,52.622841],[13.352267,52.622939],[13.352203,52.623033],[13.352082,52.623052],[13.351991,52.623021],[13.351705,52.622998],[13.35166,52.622978],[13.351644,52.622939],[13.351657,52.622868],[13.351631,52.622807],[13.351484,52.622729],[13.351364,52.622762],[13.351072,52.623862],[13.349242,52.623763],[13.347087,52.623619],[13.346692,52.623608],[13.345792,52.623639],[13.343976,52.62374],[13.343894,52.623638],[13.343662,52.623512],[13.343571,52.623416],[13.343414,52.623462],[13.343343,52.623466],[13.343241,52.623449],[13.34315,52.62336],[13.343116,52.623354],[13.343069,52.623367],[13.342956,52.623451],[13.342859,52.623474],[13.342798,52.623452],[13.342685,52.623375],[13.34238,52.623318],[13.342319,52.623272],[13.342301,52.623232],[13.342266,52.623211],[13.342202,52.623205],[13.342006,52.623299],[13.341849,52.623246],[13.341786,52.623248],[13.34153,52.623332],[13.341432,52.623306],[13.341392,52.623272],[13.341339,52.623264],[13.341175,52.62329],[13.341074,52.623284],[13.340663,52.623159],[13.340518,52.623137],[13.340463,52.62314],[13.3404,52.623167],[13.340284,52.623253],[13.3402,52.623281],[13.3401,52.623289],[13.339925,52.623266],[13.339641,52.623309],[13.33952,52.623282],[13.339386,52.623195],[13.339284,52.62317],[13.339015,52.623216],[13.338946,52.623239],[13.338825,52.623321],[13.338727,52.623345],[13.338598,52.623305],[13.338529,52.623248],[13.338473,52.622994],[13.338391,52.622929],[13.337834,52.622976],[13.337745,52.62296],[13.337429,52.622858],[13.337059,52.622803],[13.336729,52.622693],[13.336687,52.622669],[13.336684,52.622648],[13.332864,52.624194],[13.332552,52.624029],[13.331803,52.624314],[13.330322,52.624921],[13.329317,52.625286],[13.328691,52.62544],[13.328471,52.625466],[13.327444,52.625669],[13.326184,52.62582],[13.325564,52.625935],[13.324791,52.626166],[13.323837,52.626383],[13.322199,52.626519],[13.319594,52.626659],[13.318886,52.626781],[13.31816,52.626994],[13.317347,52.627199],[13.316476,52.627324],[13.314987,52.627633],[13.314174,52.627904],[13.313378,52.628117],[13.312987,52.628184],[13.312335,52.628199],[13.311015,52.628117],[13.309995,52.628032],[13.308507,52.627952],[13.307216,52.627749],[13.305356,52.62759],[13.304991,52.627526],[13.302609,52.62719],[13.302542,52.627554],[13.303049,52.627772],[13.303957,52.627999],[13.304827,52.628176],[13.305237,52.628313],[13.305864,52.628574],[13.306408,52.628728],[13.307093,52.628825],[13.308873,52.629152],[13.3097,52.629475],[13.309997,52.629673],[13.310274,52.630007],[13.309683,52.630095],[13.309774,52.630608],[13.310185,52.63062],[13.310027,52.631153],[13.309822,52.631574],[13.309773,52.631993],[13.309716,52.63216],[13.309336,52.632802],[13.308987,52.633198],[13.30878,52.633372],[13.308577,52.633578],[13.308309,52.633962],[13.307799,52.634589],[13.306251,52.636405],[13.306192,52.636482],[13.306072,52.636765],[13.305785,52.637355],[13.307062,52.637548],[13.307068,52.637774],[13.306925,52.638117],[13.306811,52.638685],[13.30627,52.639607],[13.307303,52.639689],[13.307269,52.640108],[13.307942,52.640096],[13.308232,52.640237],[13.308153,52.640772],[13.308943,52.641458],[13.308867,52.641937],[13.309179,52.641986],[13.30903,52.642673],[13.309407,52.642725],[13.309199,52.643946],[13.30843,52.643814],[13.305006,52.647946],[13.300429,52.653505],[13.310001,52.657367],[13.310098,52.657395],[13.309997,52.657485],[13.309674,52.657363],[13.309313,52.657663],[13.309201,52.65774],[13.308888,52.657907],[13.308639,52.658001],[13.308835,52.658218],[13.308668,52.658357],[13.307671,52.658929],[13.307361,52.659275],[13.307118,52.659619],[13.304084,52.659389],[13.302916,52.659263],[13.302525,52.659204],[13.301426,52.659234],[13.300566,52.659294],[13.299302,52.659278],[13.298545,52.659302],[13.295544,52.659301],[13.294492,52.659346],[13.293691,52.659362],[13.29019,52.65986],[13.289026,52.659951],[13.288506,52.659977],[13.28826,52.659969],[13.287747,52.659836],[13.287665,52.659953],[13.287168,52.659939],[13.285435,52.660334],[13.284318,52.660464],[13.28388,52.660487],[13.283314,52.660582],[13.282769,52.660739],[13.281909,52.652753],[13.285132,52.652628],[13.285033,52.65109],[13.28466,52.648842],[13.284604,52.648343],[13.284502,52.648288],[13.284241,52.648447],[13.284566,52.647949],[13.284521,52.647499],[13.284469,52.646598],[13.284334,52.645698],[13.284235,52.644801],[13.28416,52.644356],[13.284079,52.643457],[13.283969,52.642561],[13.283894,52.642114],[13.28385,52.641664],[13.283833,52.641118],[13.28331,52.641039],[13.282468,52.641024],[13.280773,52.64085],[13.27684,52.640276],[13.276457,52.640206],[13.274244,52.640271],[13.271974,52.639867],[13.269599,52.639713],[13.266244,52.640115],[13.262153,52.640685],[13.262355,52.639949],[13.26223,52.639936],[13.262407,52.639064],[13.262657,52.638651],[13.263156,52.63808],[13.263406,52.637763],[13.263775,52.637395],[13.264684,52.635978],[13.265202,52.634534],[13.264235,52.626863],[13.263431,52.627179],[13.262377,52.627323],[13.261691,52.627522],[13.260303,52.627743],[13.25962,52.627708],[13.258255,52.627707],[13.257014,52.627666],[13.256623,52.627573],[13.255684,52.627502],[13.254958,52.627471],[13.254214,52.627464],[13.253239,52.627342],[13.252517,52.627313],[13.251735,52.627307],[13.250593,52.62736],[13.249133,52.627476],[13.248464,52.627381],[13.247999,52.627295],[13.247656,52.627324],[13.247099,52.627286],[13.246415,52.627274],[13.246064,52.627286],[13.245727,52.627353],[13.244998,52.627571],[13.244339,52.627859],[13.243302,52.62819],[13.242427,52.628296],[13.24209,52.62829],[13.241119,52.628087],[13.240311,52.627885],[13.239695,52.627828],[13.238677,52.627796],[13.237999,52.627809],[13.237596,52.627788],[13.235784,52.627799],[13.232713,52.62751],[13.230396,52.627389],[13.229801,52.627442],[13.228098,52.627544],[13.227245,52.627641],[13.226472,52.62782],[13.225923,52.627857],[13.225917,52.627973],[13.225875,52.628148],[13.225876,52.628266],[13.225638,52.628242],[13.225123,52.628409],[13.225287,52.628206],[13.224242,52.628414],[13.223005,52.628198],[13.220544,52.628317],[13.220531,52.628156],[13.220693,52.627808],[13.220301,52.626926],[13.220256,52.626115],[13.22007,52.625275],[13.21976,52.624438],[13.218178,52.622347],[13.216763,52.620162],[13.214824,52.619263],[13.209631,52.612301],[13.206882,52.609136],[13.206511,52.60881],[13.206036,52.608548],[13.205027,52.608139],[13.204229,52.607909],[13.202645,52.607523],[13.202345,52.607401],[13.202134,52.607284],[13.201957,52.607152],[13.201852,52.607046],[13.201742,52.606884],[13.201625,52.606551],[13.201616,52.606159],[13.2017,52.605492],[13.201918,52.604923],[13.202324,52.604249],[13.202637,52.603962],[13.205084,52.602032],[13.205807,52.60142],[13.206337,52.600885],[13.207265,52.59984],[13.208183,52.599011],[13.21129,52.596823],[13.21532,52.594967],[13.218115,52.593196],[13.218853,52.592371],[13.219252,52.5914],[13.218878,52.590481],[13.217397,52.587477],[13.216435,52.585714],[13.215952,52.585259],[13.215362,52.584758],[13.215171,52.584333],[13.215209,52.583875],[13.215431,52.583528],[13.215776,52.58324],[13.216162,52.582962],[13.217208,52.582403],[13.2177,52.581936],[13.218084,52.581462],[13.218309,52.580961],[13.218013,52.579702],[13.217959,52.57854],[13.218862,52.577158],[13.220241,52.576054],[13.222042,52.57494],[13.223921,52.574204],[13.224643,52.573626],[13.225079,52.573145],[13.225219,52.572876],[13.225265,52.572605],[13.225251,52.572329],[13.225182,52.571787],[13.225201,52.571509],[13.225305,52.571222],[13.225672,52.570774],[13.226422,52.569803],[13.226725,52.56933],[13.226906,52.56875],[13.226971,52.568074],[13.227045,52.567809],[13.227197,52.567597],[13.227393,52.567415],[13.228126,52.566854],[13.228302,52.566685],[13.228415,52.566551],[13.228538,52.566365],[13.228663,52.566074],[13.228704,52.56588],[13.228713,52.56569],[13.228692,52.5655],[13.22864,52.565313],[13.228559,52.565129],[13.227964,52.564087],[13.227917,52.563945],[13.227901,52.5638],[13.227918,52.563655],[13.227966,52.563513],[13.228065,52.563348],[13.228167,52.563232],[13.228328,52.563098],[13.230729,52.561398],[13.230915,52.561484],[13.231191,52.561235],[13.232015,52.560638],[13.233156,52.559978],[13.234574,52.559259],[13.234563,52.559257],[13.238138,52.557482],[13.238343,52.55752],[13.238912,52.55728],[13.238952,52.557245],[13.238948,52.557018],[13.241131,52.555935],[13.241117,52.556026],[13.249449,52.551882],[13.250592,52.551334],[13.251776,52.550868],[13.252988,52.550453],[13.254244,52.550129],[13.255617,52.549864],[13.256946,52.54968],[13.258377,52.549576],[13.260559,52.549511],[13.270607,52.549338],[13.270594,52.549429],[13.271961,52.549389],[13.272089,52.549315],[13.283415,52.5491],[13.30153,52.548806],[13.302732,52.550281],[13.303618,52.551292],[13.307181,52.555079],[13.307156,52.555088],[13.30967,52.557722],[13.312747,52.558547],[13.31694,52.559559],[13.317764,52.55974],[13.318506,52.559874],[13.31923,52.55998],[13.32341,52.560522],[13.323904,52.560569],[13.324113,52.560629],[13.324495,52.560687],[13.324876,52.560775],[13.325212,52.560883],[13.325568,52.561035],[13.325868,52.561203],[13.326163,52.561419],[13.326366,52.561614],[13.326535,52.56183],[13.32676,52.562255],[13.326795,52.562382],[13.330923,52.562151],[13.331792,52.561659],[13.331944,52.561744],[13.332097,52.561789],[13.337102,52.564456],[13.348713,52.562071],[13.34874,52.561997],[13.349089,52.561929],[13.356897,52.562017],[13.359715,52.561855],[13.359805,52.561806],[13.360098,52.560472],[13.364524,52.561176],[13.365104,52.558118],[13.366657,52.558228],[13.369558,52.559729],[13.36992,52.559941],[13.369936,52.559929],[13.370231,52.560117],[13.370333,52.560189],[13.370332,52.560212],[13.370831,52.560541],[13.376836,52.560669],[13.377148,52.560662],[13.378585,52.566193],[13.378676,52.566139],[13.38116,52.566423],[13.384298,52.567713],[13.384548,52.567736],[13.387902,52.56731],[13.388401,52.567669],[13.388381,52.567679],[13.38845,52.567749],[13.389046,52.568127],[13.389282,52.568243],[13.387775,52.569147],[13.388264,52.569479],[13.383082,52.572333],[13.382542,52.572076],[13.382239,52.572021],[13.379685,52.572524],[13.379615,52.572736],[13.379518,52.572724],[13.379355,52.572824],[13.379271,52.573095],[13.379036,52.573066],[13.378917,52.573455],[13.378589,52.573413],[13.378483,52.573716],[13.37825,52.573687],[13.378157,52.573614],[13.376445,52.574745],[13.376517,52.574806],[13.376463,52.574804],[13.376051,52.575075],[13.375144,52.575632],[13.374723,52.575848],[13.374273,52.576048],[13.372991,52.576568],[13.372317,52.576859],[13.372272,52.576812],[13.371181,52.577289],[13.368132,52.578948],[13.368168,52.579001],[13.365716,52.580348],[13.365283,52.580607],[13.364307,52.58129],[13.364011,52.581468],[13.363868,52.581252],[13.363451,52.581433],[13.359216,52.583775],[13.359252,52.583857],[13.358814,52.584172],[13.358454,52.584262],[13.357818,52.584387],[13.353325,52.586901],[13.352104,52.587535],[13.352233,52.587588],[13.351869,52.587799],[13.351386,52.588024],[13.349791,52.58891],[13.34992,52.589239],[13.349133,52.5892],[13.347557,52.590083],[13.348641,52.59032],[13.350197,52.590605],[13.351756,52.590794],[13.353691,52.590898],[13.354149,52.590909],[13.355215,52.590881],[13.355693,52.590887],[13.359129,52.591093],[13.360071,52.591177],[13.360649,52.59127],[13.362532,52.592842],[13.364295,52.594279],[13.364293,52.59431],[13.364357,52.594335],[13.367855,52.597251],[13.367972,52.597368],[13.368104,52.59738],[13.368603,52.597814],[13.37015,52.599079],[13.37057,52.59948],[13.371022,52.600047],[13.371662,52.601027],[13.374268,52.604767],[13.37526,52.606225],[13.37515,52.606109]]]}}]}
